propertyCode,thumbnail,Link,Image,district,neighborhood,price,size,bed,br,floor,address,latitude,longitude,url,description
104878378,https://img4.idealista.com/blur/480_360_mq/0/id.pro.es.image.master/2b/2e/a7/1298325828.webp,LINK,,Ciutat Vella,El Gòtic,"$1,600",75,3,1,1,"calle de la Mercè, 36",41.380827,2.1809072,https://www.idealista.com/inmueble/104878378/,"AVAILABLE 1 JUN BUILDING Antique building in the Gothic, without elevator. APARTMENT 3 bedrooms + living room + 1 bathroom + 1 kitchen Wifi / fans / no air conditions / fully equipped CONTRACT Temporal (estudios, trabajo, mudanza, etc) / No residencial PRICES Rent: 1600 Services 150€ (wifi, water, electricity -limited-) Deposit: 3200€ (to be refunded) Fee (once): 800€ (contract, maintenance, initial cleaning, bedding, flat fully equipped) VISITS Not possible to visit until June 1st It is possible to book online in advance. CONTACT Answering the ad, or through our site, with this 3 points: 1) Name, age, reason of the stay? 2) Period you would be interested in 3) REF: MP1 METRO L4 (Jaume I)."
99115986,https://img4.idealista.com/blur/480_360_mq/0/id.pro.es.image.master/90/9e/79/1145704987.webp,LINK,,Sants-Montjuïc,El Poble Sec - Parc de Montjuïc,"$1,550",65,3,1,3,"calle del Poeta Cabanyes, 49",41.3730837,2.1650848,https://www.idealista.com/inmueble/99115986/,"Available June 1st APARTMENT oriented towards master's and internship students Temporary rental 65m² / 3 bedrooms + living room + kitchen + 1 bathroom. PRICES Rent: €1550 Services: €150 / wifi, water, electricity, gas. Total €1700/month Deposit: €3100 (refundable at the end of the contract) Management: €850 (initial cleaning, logistics, furniture and accessories) CONTACT Respond to the ad or through our website, with these three points: 1) Name, age, reason for stay 2) Period you would be interested in 3) REF: PCB31 Metro L3 and L2 PARALLEL."
108111974,https://img4.idealista.com/blur/480_360_mq/0/id.pro.es.image.master/bd/b1/76/1334189467.webp,LINK,,Sants-Montjuïc,El Poble Sec - Parc de Montjuïc,"$1,450",73,3,1,4,calle de Lafont,41.3746717,2.1695951,https://www.idealista.com/inmueble/108111974/,"AVAILABLE NOW! - SEASONAL RENTAL - EQUIPPED AND FURNISHED Bright corner apartment with excellent orientation and unobstructed views. Exterior apartment located on the fourth floor of a renovated building with an elevator. With a built-up area of 78 m², this property stands out for its excellent distribution, natural light throughout the day, and its corner location, guaranteeing ideal cross-ventilation. The apartment has been recently painted and is ready to move into. The property consists of three bedrooms (one double and two single), all furnished and equipped with large wardrobes, offering ample storage space. The living room has a sofa, two armchairs, and a dining area located next to the large window, ideal for taking advantage of the natural light and enjoying the views. The kitchen is fully equipped with appliances and utensils. The bathroom includes a bathtub and bidet, and the interior patio has a washing machine, drying area, and electric water heater. The aluminum windows with double glazing and blinds provide excellent thermal and acoustic insulation. Located on a semi-pedestrian street with trees and little traffic, the apartment is in a quiet and well-connected area, close to services, shops, public transport, and green areas. It is an excellent option for those seeking quality of life in a well-maintained and accessible urban environment. Renting this property means enjoying comfort, functionality, and a strategic location in the city. At Walter Haus, we will be happy to accompany you every step of the way. Contact us for more information or to schedule a visit!"
35297524,https://img4.idealista.com/blur/480_360_mq/0/id.pro.es.image.master/dc/0d/c5/178141104.webp,LINK,,Sant Martí,La Vila Olímpica del Poblenou,"$1,795",80,3,1,bj,calle de Ramon Turró,41.3915024,2.1917717,https://www.idealista.com/inmueble/35297524/,"Reference: I1265-4 MONTHLY RENTAL FROM 32 DAYS UP TO 11 MONTHS. AVAILABLE FROM July 5, 2025. MONTHLY RENTAL Bright apartment for rent in the district of Sant Martí in Barcelona. Fully equipped and furnished, the apartment has three bedrooms, a kitchen, a bathroom and a terrace to enjoy the beautiful weather of the city. It is located 5 minutes walk from the beaches and very close to the Ciutadella Park and the Zoo of Barcelona. The area is well communicated by public transport. The nearest metro station is Ciutadella | Vila Olímpica (L4) and there are various bus stop around Marina Street. '."
108115586,https://img4.idealista.com/blur/480_360_mq/0/id.pro.es.image.master/48/8e/35/1334305518.webp,LINK,,Sants-Montjuïc,El Poble Sec - Parc de Montjuïc,"$1,450",66,3,1,1,calle de Blai,41.3757833,2.1639505,https://www.idealista.com/inmueble/108115586/,"REF: 002185 Spacious flat located in Poble -Sec very close to the metro station Paral-lel, recently renovated, the flat has 3 double bedrooms.  CHARACTERISTICS:  Flat of 66 m² (62 m² useful) in Poble-sec distributed in: - 3 double bedrooms, two of them exterior and one of them interior. - Fitted kitchen.  - Complete bathroom. - Terrace.  - Balcony facing the main street.  - Fully furnished. - Very close to Paral-lel metro station, located in Poble-sec.  TECHNICAL SPECIFICATIONS:  Height 1st floor, flat total surface area 66 m², useful surface area 62 m², double bedrooms: 3, 1 bathroom, age more than 50, kitchen, dining room, state of conservation: good condition, energy level of emissions: D, 17, energy consumption energy level: D, 81. LOCATION:  Being a residential area, it has all the amenities and services, from pharmacies to supermarkets. Also very close to Poble Sec and Paral. lel is the Mercat Sant Antoni, a huge market that sells especially groceries and is a good place to stroll around and indulge your senses. Poble Sec is only a 10/20 minute walk from Las Ramblas. The main advantage of staying in this area is that you will be close to the centre, but in a quieter part of town. If you want to avoid the hustle and bustle of tourists, this is the neighbourhood for you. There are 2 metro stops aptly named Paral. lel and Poble Sec. They are on the same line and are one or two stops away from Las Ramblas. You will find many theatres in Poble Sec, such as the mythical El Molino, or the Teatre Grec on Avinguda Diagonal where an internationally renowned festival of theatre, dance and music is held every year.  ABOUT ALL4FLAT:  We are a Real Estate agency located in Barcelona. Our job is to help in all the necessary steps and procedures for the intermediation of real estate properties. We have an extensive portfolio of products including all types of real estate for purchase or rent. In addition, we offer complementary quality real estate services such as: partial or integral reforms, vertical and/or horizontal administrations, financing solutions, insurance processing and legal and fiscal advice. We offer professional services guaranteeing the quality and integrity of our service to ensure the success of the company..."
91674044,https://img4.idealista.com/blur/480_360_mq/0/id.pro.es.image.master/ce/6f/d0/820485765.webp,LINK,,Eixample,La Sagrada Família,"$1,650",50,3,1,6,calle dels Enamorats,41.4046288,2.1800278,https://www.idealista.com/inmueble/91674044/,"SEASONAL RENTAL - MINIMUM STAY 2 MONTHS - MAXIMUM 11 MONTHS  * 2 months deposit  * separate bills (150 euro per month)  * cleaning at the end of the stay € 200 (by the company in charge)  * agency commission 10% of the rent  TOTAL MONTHLY € 1650 (rent + bills + agency commission)  Located on the sixth floor of a residential building with an elevator, the apartment offers plenty of natural light, as the living room and master bedroom have direct sunlight.  The main bedroom has a double bed (135 cm x 190 cm), while the single bedroom has a bed of 80 x 190 cm. There is another room with cupboards, which can be used as a storage room (there is no bed).  Both bedrooms have drawers and closets. In the living room, there is a large table, plus a desk to install a desktop or laptop.  Of course, there is internet with wifi included in the price.  The kitchen comes complete with all necessary utensils and there is also a washing machine, accessible on the interior balcony connected to the single room.  There are 2 electric radiators to heat the apartment during the winter, but no A / C for the summer: the fact that there are windows in all rooms gives the apartment great ventilation.  We ask all our guests to provide details to prepare the rental contract (half stay) that will be signed at check-in."
108061625,https://img4.idealista.com/blur/480_360_mq/0/id.pro.es.image.master/a7/ba/af/1333879600.webp,LINK,,Les Corts,Les Corts,"$1,962",84,3,1,5,Neighbourhood: Les Corts,41.3874497,2.1378066,https://www.idealista.com/inmueble/108061625/,"Nice apartment furnished in Les Corts Beautiful, bright apartment, fully furnished, in impeccable condition and ready to move in. The apartment is distributed in a pleasant living-dining room that leads to a lovely terrace with an electric awning and open views. It includes one double bedroom with built-in wardrobe, two single bedrooms with electrically adjustable beds, a brand-new fully equipped kitchen, a spectacular brand-new bathroom, and a laundry room. It features metal carpentry, LED lighting installation, Split air conditioning, heating with heat pump, and natural parquet flooring. The building has two elevators and porter service. Not available for students. Pets are not allowed. Rental price according to reference price index: 1.319, 41€ Large property holder: No Last price: 1.783, 79€ The house is in a fantastic location, just few steps from Diagonal Street and very close to Francesc Macià square, the shopping centre Corte Ingles and Pedralbes Centre and the leisure centre Cinesa Diagonal. It is also very close to “Zona Universitaria”."
108090445,https://img4.idealista.com/blur/480_360_mq/0/id.pro.es.image.master/96/58/a4/1333525085.webp,LINK,,Gràcia,El Camp d'En Grassot i Gràcia Nova,"$2,000",79,3,1,1,calle de Sant Antoni Maria Claret,41.4053698,2.1685626,https://www.idealista.com/inmueble/108090445/,"Temporary apartment in Sagrada Familia Wonderful apartment in a new building in Barcelona's Eixample neighborhood, across from the old Damm factory, very close to Sant Pau Hospital, and surrounded by all kinds of services. The apartment has a spacious living room, kitchen, two double bedrooms with en-suite bathrooms, a single bedroom, and another bathroom. A furnished terrace at the foot of the living room expands the space and fills it with light. The apartment is equipped with air conditioning, heating, and everything you need for a comfortable and pleasant stay. MINIMUM RENTAL OF 6 MONTHS Located in an unbeatable location and surrounded by the most emblematic places of the city."
107979647,https://img4.idealista.com/blur/480_360_mq/0/id.pro.es.image.master/d9/cf/d9/1330086016.webp,LINK,,Sants-Montjuïc,El Poble Sec - Parc de Montjuïc,"$1,750",90,3,1,1,calle de Blasco de Garay,41.374123,2.1611696,https://www.idealista.com/inmueble/107979647/,"Furnished temporary apartment with balconies in Poblesec Renovated apartment, brand new, fully furnished, with balconies in Poblesec. Ready to move in, for temporary stays. Large, spacious and bright apartment with three large double bedrooms each with a balcony. Designer kitchen, open to the dining room and the entrance hall. The dining room, kitchen and hall area is spacious, about 30 m2. The kitchen is equipped with appliances, the gas stove is 90 cm (5 burners and oven. The three bedrooms are double, large and bright, all exterior and with a balcony. In one of the bedrooms there is a toilet. Bathroom with bathtub and window. The reform has made it possible to preserve the original elements of the apartment, such as the restored 2.8m high folding doors. The apartment has all the new communications, new aluminum carpentry, gas heating, restored 3.2 m high ceilings, parquet, in one of the rooms the old restored hydraulic floor has been preserved. Built-in wardrobes, spacious 2m2 loft, designer furniture and lighting. Completely renovated and brand new, it is located in an old building from 1907, with an elevator, located between Calle Paralel and the pedestrian Blai. Poblesec is one of the most popular neighborhoods in Barcelona, with aperitif areas such as Calle Blai, theaters, and great cultural and social life. It is located on the slopes of Montjuic, the park and green lung of Barcelona. The apartment is very well connected with the metro and bus. It is close to shops and restaurants. Excellent communication with Plaza España."
88899692,https://img4.idealista.com/blur/480_360_mq/0/id.pro.es.image.master/8e/63/3e/758238065.webp,LINK,,Ciutat Vella,La Barceloneta,"$1,795",84,3,1,3,calle de l'Atlàntida,41.3813156,2.1909239,https://www.idealista.com/inmueble/88899692/,"Reference: T481-1 MONTHLY RENTAL FROM 32 DAYS UP TO 11 MONTHS. AVAILABLE FROM June 10, 2025. MONTHLY RENTAL ShBarcelona offers this renovated apartment for seasonal rent, a contract that is from 30 days to 12 months, ideal for those who stay in Barcelona for a limited time. The property is located in the Ciutat Vella district, specifically in Barceloneta, very close to the beach. The apartment has 84m² distributed between three double bedrooms, a study, a laundry room, a bathroom with a shower, and an independent kitchen fully equipped with the essentials. The actual height is a fourth floor. This apartment is ideal for tenants who come to Barcelona to live for a few months, as it is prepared with all the equipment to enter to live directly. It also has an Internet connection The location of the property is exceptional, as it is located in the Barceloneta neighborhood and just a few minutes walk you can enjoy Barceloneta Beach, the port, take a walk in the Parc de la Ciutadella, restaurants and entertainment venues. And, for those looking to buy from the most exclusive brands, the emblematic Paseo de Gracia is just three stops from the yellow metro line. '."
108041557,https://img4.idealista.com/blur/480_360_mq/0/id.pro.es.image.master/6d/29/92/1332049254.webp,LINK,,Eixample,El Fort Pienc,"$2,100",101,3,1,3,Neighbourhood: El Fort Pienc,41.3977301,2.1758294,https://www.idealista.com/inmueble/108041557/,"Stunning temporary apartment with balcony Temporary three-bedroom apartment, with a bright living room and sunny balcony, ideal for families.  The property features a sunny dining room with access to the balcony, an open kitchen equipped with appliances, and a gallery where the washing machine is located.  Three bedrooms, two are double and exterior, and one is single.  Bathroom with shower.  Building with an elevator.  Large landlord: no.  Temporary contract. Excellent location, next to shops, businesses, and restaurants. Well connected by public transport, subway, bus, and tram."
108048724,https://img4.idealista.com/blur/480_360_mq/0/id.pro.es.image.master/0b/78/b7/1332296092.webp,LINK,,Les Corts,Les Corts,"$1,962",91,3,1,5,calle de Déu i Mata,41.3905382,2.1375052,https://www.idealista.com/inmueble/108048724/,"BRIGHT FLAT WITH TERRACE, 3 BEDROOMS AND 1 BATHROOM Bright 90 m² flat with terrace in Les Corts – Renovated and furnished, ready to move in. Fantastic 90 m² flat for rent in the sought-after Les Corts neighbourhood, one of the quietest and best-connected areas of Barcelona. The property is in excellent condition, fully furnished in a modern and functional style, and ready to move in. Distributed across 3 bedrooms (one double and two singles), it offers the perfect space for families or those needing a home office or remote working area. The private terrace is ideal for enjoying fresh air, reading, or unwinding at the end of the day. The kitchen and bathroom have been completely renovated with modern, high-quality finishes. The kitchen is fully equipped with brand-new appliances: dishwasher, oven, microwave, and refrigerator. There's also a convenient separate laundry area with a washing machine. The rest of the flat has been freshly painted and is in impeccable condition. Its functional layout and the natural light flooding in through the large windows make it a warm and welcoming place to live. Located in a quiet building with all services just steps away: public transport, shops, schools, and green areas.  Contact us to see more similar properties. * In compliance with Law 12/2023 and Law 18/2007, we inform that Index of R. P. LL: 12,99 € / m2 State reference price 1.300, 00 € Rent of the last lease contract: 1.783, 79 €."
103165116,https://img4.idealista.com/blur/480_360_mq/0/id.pro.es.image.master/0b/4f/2f/1188063143.webp,LINK,,Eixample,El Fort Pienc,"$1,850",62,3,1,en,calle de la Diputació,41.40207,2.1827993,https://www.idealista.com/inmueble/103165116/,"FLAT WITH TERRACE, FURNISHED, IN EIXAMPLE AVAILABLE AUGUST 1st Located just steps from Diagonal Avenue and La Monumental bullring, this practical and bright 60 m² apartment is perfect for those seeking comfort and great connectivity in the heart of Barcelona. The property is distributed into three bedrooms, two of which are exterior and have direct access to a spectacular private 50 m² terrace. All bedrooms are equipped with wardrobes, mattresses, and storage beds. It has a full bathroom with a shower tray, an independent fully equipped kitchen with appliances and access to the terrace, and a cozy living-dining room with access to a utility patio. The apartment is delivered fully furnished and equipped, including appliances, Wi-Fi connection, bed linen, and towels. It features central heating with radiators, air conditioning with heat pump, parquet floors, fans, and an alarm system. The rental price includes two monthly cleanings and the water supply. The property is excellently connected to public transport, just minutes from the Monumental metro station (L2) and several bus lines. Can you imagine living here? Contact us for more information. ¿Quieres que estos textos estén adaptados para uso en redes o portales inmobiliarios? The actual furniture may not exactly match the photographs shown in this ad.  Contact us to see more similar properties. * In compliance with Law 12/2023 and Law 18/2007, we inform that Index of R. P. LL: 23,31 € / m2 State reference price 965,00 € Rent of the last lease contract: 1.850, 00 € Este propietario ostenta la condición de gran tenedor."
95856167,https://img4.idealista.com/blur/480_360_mq/0/id.pro.es.image.master/b0/97/e2/930063706.webp,LINK,,Eixample,L'Antiga Esquerra de l'Eixample,"$1,995",69,3,1,en,calle de Valencia,41.3876686,2.157674,https://www.idealista.com/inmueble/95856167/,"SEASONAL RENTAL! Quiet, newly renovated apartment located in one of the most sought-after neighborhoods in Barcelona, l’Eixample, close to all kinds of shops and businesses, surrounded by various services and all types of establishments. The building has elevator service. The property, fully furnished, has a usable area of 65 m2 distributed in three bedrooms, two of them double with access to a balcony, and one single bedroom; a sunny and spacious living-dining room also with access to a balcony; a three-piece bathroom with a shower; and a comfortable and practical fully equipped kitchen. Furthermore, it is worth noting that it features original hydraulic floors and radiator heating. Nearest public transport: Metro L5 Hospital Clínic, L1/L2 Universitat. Buses 63, N7, N12, 109, H10… THIS APARTMENT WILL BE AVAILABLE FROM MAY 5TH. Do not hesitate to contact us to schedule an appointment; the Armadans Sancho commercial department will be happy to assist you."
105960121,https://img4.idealista.com/blur/480_360_mq/0/id.pro.es.image.master/13/84/f2/1327038203.webp,LINK,,Ciutat Vella,El Gòtic,"$1,750",80,3,1,4,plaza de la Vila de Madrid,41.3862353,2.1722121,https://www.idealista.com/inmueble/105960121/,"+ 250 euros for supplies. Beautiful apartment completely renovated and furnished, exterior and bright, with 2 double bedrooms, 1 single and 1 bathroom, located on the seventh floor of a building with a doorman, in front of a beautiful square in the upper part of the Gothic quarter, surrounded by shops and with little nightlife. This property stands out for its luminosity, since it is a corner and exterior, facing south and high, which means that it has sun throughout the day. From the entrance you access a hall and in front we have the bathroom, spacious and with a nice shower. A little further on is the first bedroom, interior but very bright, since it is on the penultimate floor. A double bed can be put. Advancing through the corridor we find an open kitchen, complete with appliances. Opposite is the largest bedroom and outside the square, with clear views. At the end of the corridor is the living room, spacious and very bright, with large windows and modern furniture. The floor is made of parquet and has air conditioning and air heating, with ducts in the ceiling of the house. Specially designed for students. Pets are welcome, since the building is totally “pet friendly”, so you will have no problems if you want to live with your pet."
81987719,https://img4.idealista.com/blur/480_360_mq/0/id.pro.es.image.master/d7/f4/6f/589966992.webp,LINK,,Eixample,La Dreta de l'Eixample,"$2,095",115,3,1,3,calle de Trafalgar,41.3905838,2.1751163,https://www.idealista.com/inmueble/81987719/,"Reference: T10919-4 MONTHLY RENTAL FROM 32 DAYS UP TO 11 MONTHS. AVAILABLE FROM July 4, 2025. MONTHLY RENTAL Bright, spacious property for rent for periods of up to 12 months, it is in an optimal location of the Eixample district, a very central area of Barcelona. The flat is situated just two steps from Passeig de Gràcia and Plaza Catalunya. Newly renovated it offers excellent quality furnishings and comes fully furnished. Its 115m2 are distributed over three spacious double bedrooms, two bathrooms, a kitchen equipped with appliances and utensils, a large living room, four balconies, dressing room and storage room. The high-speed internet connection is included in the rental price, it also has air conditioning. The Eixample is divided into six neighbourhoods, the Eixample Dreta neighbourhood where this building is located is the most touristy, with Paseo de Gracia, Casa Batlló, better known as La Pedrera and Plaza Catalunya situated here. The jewel in the crown is the Sagrada Familia which also belongs to this district. Finally, Fort Pienc is in the centre of the Eixample and offers more green areas,   this is adjacent to Avenida Diagonal and Plaza de las Glorias. Public transport in Barcelona is excellent and the closest metro stop to the flat is Urquinaona, L1, L4. If you are looking for a long-term rental property in the city please contact us at ShBarcelona. '."
102175297,https://img4.idealista.com/blur/480_360_mq/0/id.pro.es.image.master/23/76/a6/1146841888.webp,LINK,,Sarrià-Sant Gervasi,Sant Gervasi - Galvany,"$2,050",85,3,1,en,calle de Santaló,41.3980011,2.1444072,https://www.idealista.com/inmueble/102175297/,"Reference: T18198-5 MONTHLY RENTAL FROM 32 DAYS UP TO 11 MONTHS. AVAILABLE FROM May 17, 2025. MONTHLY RENTAL 85m2 home for temporary rental in one of the most exclusive districts of Barcelona. The property is furnished and equipped, everything ready so you can start living your experience in the city. It has 3 bedrooms, two doubles with a double bed and one single, a bathroom with a shower, a living-dining room, a separate kitchen and a beautiful, large terrace. As for the equipment of the room, there is air conditioning, heating, fiber internet connection, and washing machine. Sarrià-Sant Gervasi, a residential district of Barcelona, is known for its tree-lined streets, trendy boutiques and restaurants, parks and gardens, and village atmosphere. The closest public transport stop is Muntaner (FGC). Do you want more information about the terms and conditions of the home? If so, contact ShBarcelona. '."
107705503,https://img4.idealista.com/blur/480_360_mq/0/id.pro.es.image.master/cb/c4/da/1332990888.webp,LINK,,Eixample,La Sagrada Família,"$1,400",72,3,1,6,calle de los Castillejos,41.4031119,2.1843174,https://www.idealista.com/inmueble/107705503/,"Fincas Eva presents this cozy apartment with a built area of 72 m2 and a usable area of 66 m2, according to the land registry. It comprises an entrance hall, a spacious living-dining room with large windows that allow plenty of natural light throughout the day, and access to a balcony with beautiful views of the Agbar Tower. It consists of three bedrooms with built-in wardrobes: two doubles and one single. One double and one single are exterior-facing, and the other double is interior and overlooks the courtyard. There is a full bathroom with a bathtub, and a kitchen with a laundry area. It has a large loft for storage. The floors are parquet, the interior woodwork is wood, and the exterior is aluminum. Heating is provided. The property has an elevator.  The Glòries and Torre Agbar area is a dynamic and constantly evolving neighborhood in Barcelona, known for its modernity and excellent connections to the rest of the city. It stands out for its iconic Torre Agbar, a symbol of contemporary architecture, and for being a hub for business, culture, and leisure. With wide avenues, green areas like the Parc de la Glòries, and a diverse shopping scene, it s an ideal location for those looking to live close to the city center, with easy access to public transportation and the city s main attractions."
107705503,https://img4.idealista.com/blur/480_360_mq/0/id.pro.es.image.master/cb/c4/da/1332990888.webp,LINK,,Eixample,La Sagrada Família,"$1,400",72,3,1,6,calle de los Castillejos,41.4031119,2.1843174,https://www.idealista.com/inmueble/107705503/,"Fincas Eva presents this cozy apartment with a built area of 72 m2 and a usable area of 66 m2, according to the land registry. It comprises an entrance hall, a spacious living-dining room with large windows that allow plenty of natural light throughout the day, and access to a balcony with beautiful views of the Agbar Tower. It consists of three bedrooms with built-in wardrobes: two doubles and one single. One double and one single are exterior-facing, and the other double is interior and overlooks the courtyard. There is a full bathroom with a bathtub, and a kitchen with a laundry area. It has a large loft for storage. The floors are parquet, the interior woodwork is wood, and the exterior is aluminum. Heating is provided. The property has an elevator.  The Glòries and Torre Agbar area is a dynamic and constantly evolving neighborhood in Barcelona, known for its modernity and excellent connections to the rest of the city. It stands out for its iconic Torre Agbar, a symbol of contemporary architecture, and for being a hub for business, culture, and leisure. With wide avenues, green areas like the Parc de la Glòries, and a diverse shopping scene, it s an ideal location for those looking to live close to the city center, with easy access to public transportation and the city s main attractions."
102175297,https://img4.idealista.com/blur/480_360_mq/0/id.pro.es.image.master/23/76/a6/1146841888.webp,LINK,,Sarrià-Sant Gervasi,Sant Gervasi - Galvany,"$2,050",85,3,1,en,calle de Santaló,41.3980011,2.1444072,https://www.idealista.com/inmueble/102175297/,"Reference: T18198-5 MONTHLY RENTAL FROM 32 DAYS UP TO 11 MONTHS. AVAILABLE FROM May 17, 2025. MONTHLY RENTAL 85m2 home for temporary rental in one of the most exclusive districts of Barcelona. The property is furnished and equipped, everything ready so you can start living your experience in the city. It has 3 bedrooms, two doubles with a double bed and one single, a bathroom with a shower, a living-dining room, a separate kitchen and a beautiful, large terrace. As for the equipment of the room, there is air conditioning, heating, fiber internet connection, and washing machine. Sarrià-Sant Gervasi, a residential district of Barcelona, is known for its tree-lined streets, trendy boutiques and restaurants, parks and gardens, and village atmosphere. The closest public transport stop is Muntaner (FGC). Do you want more information about the terms and conditions of the home? If so, contact ShBarcelona. '."
107049778,https://img4.idealista.com/blur/480_360_mq/0/id.pro.es.image.master/75/da/3b/1301458520.webp,LINK,,Les Corts,Les Corts,"$1,995",70,3,1,6,calle d'Evarist Arnús,41.3840544,2.1356081,https://www.idealista.com/inmueble/107049778/,"Reference: T19867-1 MONTHLY RENTAL FROM 32 DAYS UP TO 11 MONTHS. AVAILABLE FROM July 4, 2025. MONTHLY RENTAL ShBarcelona presents this fully furnished and equipped property in a building with an elevator. It has 70 m² distributed in 2 double bedrooms + 1 office (convertible into a double bedroom), 1 full bathroom with shower, open-plan kitchen, bright living-dining room with exterior access to a terrace. It also has an office, a storage room, split air conditioning, ceiling fan in the dining room, heating through gas radiators, internet connection through fiber, dishwasher, washing machine and dryer. The Les Corts neighborhood is known for its residential and quiet atmosphere, where you will have any service you may need at your fingertips. Very close to the property you will find supermarkets, bars, cafes, restaurants, gyms, parks and much more. The closest public transport stop to the property is Plaça del Centre (L3). If you would like more information about the property and our services, please contact ShBarcelona. '."
94907061,https://img4.idealista.com/blur/480_360_mq/0/id.pro.es.image.master/43/e3/6b/901193784.webp,LINK,,Gràcia,La Salut,"$1,750",65,3,1,en,calle de la Mare de Déu del Coll,41.4087296,2.1511231,https://www.idealista.com/inmueble/94907061/,"Reference: I12530-4 MONTHLY RENTAL FROM 32 DAYS UP TO 11 MONTHS. AVAILABLE FROM July 4, 2025. MONTHLY RENTAL    ShBarcelona presents this fully furnished and equipped property in a building with an elevator. It has 65 m² distributed in 3 bedrooms, two of them doubles, 1 complete bathroom with shower, separate kitchen and living-dining room with exterior access to a magnificent terrace. It also has split-type air conditioning, heating, fiber internet connection, washing machine and other additional services. The Gràcia district is one of the most charming in Barcelona, known for its vibrant cultural scene. Here you will have a wide variety of services at your fingertips. Very close to the property you will find supermarkets, bars, cafes, restaurants, gyms, parks and much more. The closest public transport stop to the property is Vallcarca (L3). If you would like more information about the property and our services, please contact ShBarcelona. '."
107752123,https://img4.idealista.com/blur/480_360_mq/0/id.pro.es.image.master/ea/01/20/1322273711.webp,LINK,,Horta Guinardó,El Baix Guinardó,"$1,650",77,3,1,1,Neighbourhood: El Baix Guinardó,41.4124008,2.1687297,https://www.idealista.com/inmueble/107752123/,"Excellent quiet apartment in Baix Guinardó We found this beautiful renovated and furnished apartment in the Baix Guinardó neighborhood, for temporary stays. The house consists of 80m2, an entrance hall with built-in wardrobes, a kitchen open to the living-dining room, three bedrooms, of which 1 double room with a large wardrobe and two large single bedrooms with wardrobes, both rooms as well. The dining area with abundant light and access to the balcony. There is a fully equipped kitchen, a complete bathroom, a double room and two singles, all of them with a wardrobe. An excellent modern apartment with a large balcony. The renovation that has been carried out in the home is of a high standard and is delivered ready to move into. Other features include air conditioning, heating (by ducts) and double glazed windows for your comfort all year round. It also has a communal terrace. They accept pets, it is available from 10th May Metro Alfonso X yellow line, close to Ronda de Dalt, close to shops and services."
107549689,https://img4.idealista.com/blur/480_360_mq/0/id.pro.es.image.master/44/07/c9/1315867474.webp,LINK,,Horta Guinardó,El Baix Guinardó,"$1,500",76,3,1,3,ronda del Guinardó,41.4102995,2.1629961,https://www.idealista.com/inmueble/107549689/,"This magnificent 75 m² apartment is available for temporary rent, completely renovated and ready to move in. The property has three bedrooms, a modern bathroom, a spacious dining room, a fully equipped kitchen, and an exterior balcony overlooking Ronda Guinardó. The apartment is rented furnished and with all necessary appliances, offering a comfortable and functional stay. Its location is unbeatable, in a well-connected area with all services just minutes away. Ideal for those seeking temporary accommodation in Barcelona with all the comforts. ? Location: Ronda Guinardó, Barcelona? Size: 75 m²? Bedrooms: 3? Bathroom: 1? Dining room? Equipped kitchen? Exterior balcony? Fully furnished and renovated Don't hesitate to contact us for more information or to schedule a visit!"
107759414,https://img4.idealista.com/blur/480_360_mq/0/id.pro.es.image.master/30/da/f8/1322932095.webp,LINK,,Eixample,La Sagrada Família,"$1,870",57,3,1,en,calle de los Castillejos,41.4090027,2.1768873,https://www.idealista.com/inmueble/107759414/,"This move-in ready, fully furnished apartment is available from 09-05-2025. The advertised rate of €1,870/month is the rate for a 1-year stay, based on a move-in date of May 9, 2025. If you’re looking for the lowest available price, the rate is €1,650/month for a 2 month(s) and 1 day(s) stay with a move-in date of May 9, 2025. Rates vary depending on the duration of stay, season, and other parameters. For exact pricing, please visit our website and enter your desired move-in and move-out dates. Additional pricing info: (1) price quoted is for rent only, (2) this rate is based on a move-in date of May 9, 2025, moving in later leads to a higher rate, (3) for 4+ month stays, rate is applicable only if billed upfront; can be higher if billed in multiple payments, (4) a booking fee will be applied based on the duration of stay. Feel at home wherever you choose to live with Blueground. You’ll love this spacious Sagrada Família furnished three bedroom apartment with its modern decor, fully equipped kitchen, and bright living room with great views. Ideally located, you’re close to all the best that Barcelona has to offer! (ID  BCN180) Designed with you in mind Gorgeous furniture, fully-equipped kitchen, smart TV, and a premium wireless speaker are just a few of the amenities you’ll find inside this three bedroom apartment. Ideally located in Barcelona, you’ll find a lot to love outside as well. When you’re ready to relax, you’ll be happy to discover every Blueground bedroom comes with superior quality mattresses, luxury linens, and cozy towels. We handle everything so you can simply show up and start living.  Sleeping arrangements  Single Bed, 35.4in/90cm  Queen Bed, 63in/160cm Amenities Building amenities unique to this three bedroom apartment include an on-site:  - Elevator  - Washing machine  - Pets allowed Arrival and ongoing support The entire apartment is yours to enjoy! You’ll either be personally greeted by a Blueground team member or given self check-in instructions. Throughout your stay, you’ll have access to our Client Experience team through the Blueground App. You can schedule additional cleanings, submit maintenance requests, and view our neighborhood recommendations with just a few taps. We’ll share all details upon confirmation of your stay. Ideally Located This busy district in central Barcelona is characterized by wide streets and an elegant atmosphere. L'Eixample is known for its Art Nouveau architecture, including buildings by Antoni Gaudí, and the shopping and dining around the Plaça de Catalunya and along Passeig de Gracia. Sagrada Família is a prized Barcelona neighborhood that is the site of Antoni Gaudí’s renowned basilica of the same name and the adjacent Plaça de Gaudí. This upscale area is home to a number of hotels and restaurants, including both Catalan fare and international options. Other things to note This Blueground apartment has flexible lease options, allowing you to book it for one month, a year, or more. Pets are welcome, though weight limits and breed restrictions apply and may incur fees.  Also note  - This apartment is located on a narrow street  - This apartment faces the street  - This apartment is located on a busy street All our rentals in Spain include a 1 (one) hour weekly cleaning service."
107954410,https://img4.idealista.com/blur/480_360_mq/0/id.pro.es.image.master/85/3f/4f/1329378323.webp,LINK,,Sants-Montjuïc,Hostafrancs,"$1,790",85,3,1,1,calle del Vint-I-Sis de Gener 1641,41.3742695,2.1435519,https://www.idealista.com/inmueble/107954410/,"SEASONAL RENTAL FROM 32 DAYS TO 11 MONTHS AVAILABLE FROM 18.04 WIFI IS INCLUDED IN THE RENT This apartment is located at Carrer 26 de Gener de 1641, 08014, Barcelona, Barcelona, in the Sants-Montjuïc area, on the 1st floor. It is an apartment that has 82 m2, of which 77 m2 are usable, and it has 3 bedrooms and 1 bathroom. It has a balcony, terrace, individual heating, furnished, and air conditioning. It is important to have a perfect space to socialize and spend time with good company inside your apartment. A space where you can have a nice dinner outdoors or listen to music while sunbathing. This is exactly what you will find in this magnificent seasonal rental apartment in the Sants neighborhood of Barcelona. This 3-bedroom apartment not only has generous private spaces, as all the bedrooms have a double bed, storage space for all clothes and accessories, and at least one exterior window. In addition to this, it also has magnificent spaces for all the people in the apartment to happily share! First of all, the living room is very cozy. The sofa and armchairs perfectly match the treated brick wall and the high ceilings with the beautiful Catalan arch vault. Alongside them, we have many comforts such as a large TV, air conditioning, and a table with stools for dining or having a drink. Next, we find the beautiful and spacious fully equipped kitchen. All kitchen appliances are modern and of good quality; both the fridge, ceramic hob, washing machine, oven… Everything is great! And finally, we come to the wonderful terrace, the jewel of the apartment. This receives warm sunlight that will make you quickly settle into the stylish outdoor sofas. The apartment is located in the lively and cheerful Sants neighborhood. Among its intimate streets, more dominated by pedestrians than cars, and the beautiful parks like Parc de l’Espanya Industrial, Sants is a comfortable neighborhood to live in. Additionally, next to the apartment, you will find one of the best-connected places in Barcelona; Plaça Espanya. There you can find the metro, rodalies, numerous buses… everything you need! Reservation conditions: - two months deposit - agency fees."
106250206,https://img4.idealista.com/blur/480_360_mq/0/id.pro.es.image.master/53/08/fc/1334226029.webp,LINK,,Eixample,Sant Antoni,"$1,595",72,3,1,5,Neighbourhood: Sant Antoni,41.3776832,2.1580366,https://www.idealista.com/inmueble/106250206/,"IMPORTANT: THIS APARTMENT IS EXCLUSIVELY FOR TEMPORARY STAYS IN BARCELONA, WITH A MINIMUM STAY OF 32 DAYS AND A MAXIMUM OF 11 MONTHS. PLEASE NOTE THAT FOR BOOKINGS UNDER 6 MONTHS, THE PRICE MAY VARY. THIS ACCOMMODATION IS IDEAL IF YOU ARE COMING TO BARCELONA FOR TEMPORARY REASONS SUCH AS STUDIES, WORK, OR SHORT-TERM PERSONAL PROJECTS. YOU WILL NEED TO PROVIDE DOCUMENTATION THAT PROVES THE TEMPORARY NATURE OF YOUR STAY. This stylish 3-bedroom apartment, located in the heart of the Eixample district, offers a perfect blend of comfort and convenience. Featuring WiFi and air conditioning, you’ll stay connected and relaxed regardless of the season in Barcelona. The fully equipped kitchen has a microwave oven, toaster, coffee maker, kettle, and all the essentials you need for preparing home-cooked meals. Adjacent to the kitchen, the cosy living room provides a perfect space for relaxation, with a flat-screen TV and a comfortable seating area. The apartment has three bedrooms, each with sufficient storage space. The bathroom is modern and equipped with a shower and a WC, ensuring a convenient experience. Situated in Eixample, one of Barcelona`s most iconic neighbourhoods, this apartment is surrounded by beautiful architecture, restaurants, and local shops. With easy access to public transportation, you are just minutes away from the city’s top attractions. Including the Plaza Catalunya is just 10 minutes away by metro, which gives you access to Las Ramblas or Passeig de Gràcia. Plaza Espana is just a 12-minute walk from this apartment. Furthermore, the Mercat de Sant Antoni is just an 8-minute walk away, making it even easier to purchase fresh produce for your cooking. Metro: Rocafort (L1) BEFORE BOOKING: We recommend visiting the apartment so that you can appreciate it in person. Although the dimensions are clearly indicated in the ad, the photos were taken with a wide-angle lens to better showcase the space, which may make it appear larger. Additionally, please note that the apartment has been enjoyed by several guests, so it may show some signs of normal wear and tear over time."
88760985,https://img4.idealista.com/blur/480_360_mq/0/id.pro.es.image.master/4e/8a/04/760163703.webp,LINK,,Eixample,Sant Antoni,"$1,995",75,3,1,6,Gran Via de les Corts Catalanes,41.3822874,2.1601299,https://www.idealista.com/inmueble/88760985/,"Reference: I1224-3 MONTHLY RENTAL FROM 32 DAYS UP TO 11 MONTHS. AVAILABLE FROM June 27, 2025. MONTHLY RENTAL Characteristics:  - 3 bedrooms  - Full bathroom  - Independent kitchen  - Wifi  - Air conditioner  - Heating  - Furnished  - Equipped The ShBarcelona real estate services agency has the honor to present you this wonderful apartment located in L'Eixample. It is ideal for students who come to train in the city of Barcelona for a maximum of one year and are looking for a flat with space. Where is it located? The apartment is located in the middle of Avinguda Gran Via, forming part of L'Esquerra de l'Eixample, in the district with the same name of Eixample. This area is very close to places of great interest such as Plaça Espanya, the Sant Antoni neighborhood or the EAE. You can get anywhere in Barcelona thanks to the nearest metro stop: Rocafort (L1). Near the building you will find all kinds of essential services such as: supermarkets, local and proximity shops, or bars and restaurants with terraces where you can enjoy the warm climate of Barcelona. A very modern apartment The apartment has a main room that includes the living room. Relax after a busy day in the city of Barcelona on the comfortable sofa in front of the flat screen TV. Organize fun meals at the table with space for 6 people arranged in the dining room. In the independent kitchen you can prepare any type of recipe, as it is fully equipped with all kinds of utensils. The house has a total of 3 bedrooms, 1 of them has a double bed and the other two with single beds. All 3 have plenty of storage space. The full bathroom has a toilet, a sink and a practical shower tray from which it will come out like new. What's more, … The apartment has air conditioning and heating so that you are always the one who has control of the temperature of your home. '."
82567171,https://img4.idealista.com/blur/480_360_mq/0/id.pro.es.image.master/01/17/52/645053435.webp,LINK,,Sants-Montjuïc,Sants,"$1,595",85,3,1,1,calle del Vallespir,41.3785292,2.1375586,https://www.idealista.com/inmueble/82567171/,"Reference: T858-4 MONTHLY RENTAL FROM 32 DAYS UP TO 11 MONTHS. AVAILABLE FROM June 18, 2025. MONTHLY RENTAL Flat for rent in a quiet area of Barcelona this is a beautiful flat ideally located very close to Sants Station and Plaza España, in the Sants neighbourhood. It could suit a family or friends to share looking for the flexibility of living for a period of up to twelve months in Barcelona. It has a balcony, three double bedrooms, each of them with study spaces, bright independent kitchen with dining area, one bathroom and a spacious living room.  It comes with Internet connection, air conditioning and heating. The neighbourhood of Sants is in the upper part of the city, where FC Barcelona football stadium is located Camp Nou, the place for football fans. This district is an area with a charm that preserves the remains of its stately and rural past, where buildings of great architectural importance abound. Such as Masías, the Palau Reial de Pedralbes and next to the Universitat Politècnica de Catalunya. Sants Montjuïc is a residential area, quiet at night, where a variety of shops, tapas bars, shopping centres and several restaurants are positioned. Sports lovers will find Crossfit rooms, Padel, gyms, Yoga centers and martial arts. Public transport is very efficient, the metro stations closest to the building are Plaça del Center L3 and Sants Estació lines 3-5 and long and short distance trains. Contact ShBarcelona for more information about our properties. '."
81906976,https://img4.idealista.com/blur/480_360_mq/0/id.pro.es.image.master/40/dd/20/1198004335.webp,LINK,,Ciutat Vella,El Gòtic,"$1,650",75,3,1,2,calle dels Lledó,41.3821547,2.1802521,https://www.idealista.com/inmueble/81906976/,"AVAILABLE FROM 2OF MAY FOR TEMPORARY RENTALS BETWEEN 3 - 11 MONTHS! This beautiful flat issituated on top of a palazzo style building in Gotic on one of the oldest streets of Barcelona between the Roman gate and the town hall. Inside, an 18 metre century old stone wall is running through thisbeautifully restored flat that still has many of itsoriginal features such as vaulted ceilings and traditional Catalonian tilefloors. The flat consists of a new contemporarybathroom, an open-plan kitchen/dining/living area and 2double bedrooms. Alternatively one of the rooms can be used as a third double bedroom or as an extra study/living space. It is simply furnished and there is a dishwasher in the fully-equipped kitchen and a washing machine in the bathroom, as well as air conditioning in the bedrooms and living area. You will have access to a great community terrace, where you can enjoy the long summer nights. The Gothic Quarter (Barri Gòtic) in Barcelona is a popular neighborhood that immerses residents in a historic and picturesque environment. Characterized by medieval streets, Gothic architecture, and charming squares, the area has a unique blend of culture and history. Living in the Gothic Quarter provides residents with easy access to landmarks like the Barcelona Cathedral and the Plaça Reial, contributing to a vibrant and dynamic lifestyle. The neighborhood is dotted with boutique shops, bars and restaurants. Price: 1.650 € /month + 2monthsdeposit + 1 month servicefee(+ 21% VAT)."
84583922,https://img4.idealista.com/blur/480_360_mq/0/id.pro.es.image.master/e3/47/95/1129049634.webp,LINK,,Eixample,La Nova Esquerra de l'Eixample,"$1,550",75,3,1,1,calle de Viladomat,41.3862096,2.1471736,https://www.idealista.com/inmueble/84583922/,"Reference: T127-3 MONTHLY RENTAL FROM 32 DAYS UP TO 11 MONTHS. AVAILABLE FROM June 27, 2025. MONTHLY RENTAL Characteristics  - 3 bedrooms  - Independent kitchen  - Dispatch  - full bathroom  - Wifi  - Equipped  - Furnished  - Heating ShBarcelona, the real estate services agency, is pleased to present this equipped temporary rental apartment located in Esquerra de L'Eixample. Ideal for students who come to Barcelona to take training for a maximum of one year. Where is it located? The apartment is located on Viladomat street in the L'Esquerra neighborhood of L'Eixample, within the district with the most residents in all of Barcelona: L'Eixample. In this area you will live with longtime neighbors, in a residential and quiet environment, full of essential services nearby such as supermarkets, local shops, bars and restaurants. You can walk to points of great interest such as Avinguda Diagonal, Passeig de Gràcia or El Raval. To get to any point in Barcelona, you have the metro two minutes away, at the Hospital Clínic stop (L5). Ideal apartment for students In this apartment you will find a great location without giving up any type of comfort. The main room is the living room, with a wide sofa where you can relax right next to a table with space for 4 people. The kitchen is very large and has all the necessary elements so that you can prepare incredible dishes without missing any utensils. In addition, it has a large adjoining laundry room/gallery where you can store your favorite products. The apartment has 3 bedrooms, two of them with a double bed and the third as a dressing room. All of them have storage space and a study area; ideal for having a work area without having to leave home. The full bathroom has a large bathtub where you can relax after an intense day in Barcelona. Tell me more The apartment has heating so as not to leave you at the mercy of inclement weather. This floor is a second floor although it has an elevator to make the climb easier. '."
91021145,https://img4.idealista.com/blur/480_360_mq/0/id.pro.es.image.master/27/0f/d3/805020434.webp,LINK,,Sant Martí,El Parc i la Llacuna del Poblenou,"$1,500",70,3,1,1,MARINA,41.3962768,2.188899,https://www.idealista.com/inmueble/91021145/,"Seasonal rental, available from 26/4/2025. Beautiful apartment in Barcelona. It has a living-dining room with access to a large interior balcony, a separate kitchen with an interior gallery, a double bedroom with access to a second balcony and two single bedrooms, a full bathroom with shower and an interior gallery. Building with elevator. EQUIPMENT: Split air conditioning, electric heating, television, oven, microwave, refrigerator, vitroceramic hob, washing machine. Building with elevator. Rental from 9 to 11 months: Monthly rental price €1,500. Services and other expenses not included. Agency fees, ITP, and water, electricity, and gas consumption are not included (provision of €180/month)."
98422168,https://img4.idealista.com/blur/480_360_mq/0/id.pro.es.image.master/27/9c/b1/1011662084.webp,LINK,,Gràcia,El Camp d'En Grassot i Gràcia Nova,"$1,650",80,3,1,2,calle de Roger de Flor,41.4010952,2.1655166,https://www.idealista.com/inmueble/98422168/,"Reference: T16145-3 MONTHLY RENTAL FROM 32 DAYS UP TO 11 MONTHS. AVAILABLE FROM June 10, 2025. MONTHLY RENTAL Characteristics: 3 double rooms 1 bathroom with shower Cleanliness Equipped independent kitchen Living-dining room with TV Laundry Reference: T15961-3 The real estate services company, ShBarcelona, offers you this 3-bedroom apartment for seasonal rent in Gràcia. The contracts for this house range from 32 days to 11 months.   Those interested must pay 2 monthly payments as a deposit, in addition to knowing that the supplies are not included in the rent. Where is it located? This rental apartment is located on Roger de Flor street with Còrsega street, near Passeig de Sant Joan, in the neighborhood of Camp d'en Grassot and Gràcia Nova. It is a residential and quiet area of the Gràcia district. In this neighborhood you will find all the essential services around the apartment and several places of interest nearby such as the Sagrada Familia and the Palau Macaya. From the house you can easily move around the city. The nearest metro station is Joanic (L4) and Verdaguer (L5, L4). Renovated 3-bedroom apartment The property has been decorated by our team of interior designers and is fully furnished and equipped. It has a warm and very nice style. Without a doubt, a flat where you will feel at home. The flat has an area of 80m2 distributed in 3 bedrooms with double beds, a living-dining room, an independent kitchen and 2 bathrooms. Thanks to its orientation, the apartment has a lot of natural light from midday. The kitchen has all the utensils and appliances to make your stay with us easier, as it includes: refrigerator, oven, microwave, dishwasher, coffee maker and ceramic hob, among others. As for the bathrooms, one is a toilet and the other is equipped with a shower tray. The 3 bedrooms have a double bed, wardrobe and office and are exterior. In this way you can enjoy the sun entering through the windows and the warmth that this will bring to the home. Anything else…? This rental apartment has Internet installation so that your stay in Barcelona is optimal. So you can study or work more comfortably without having to hire it or go to libraries. '."
100706596,https://img4.idealista.com/blur/480_360_mq/0/id.pro.es.image.master/d3/db/30/1096368290.webp,LINK,,Eixample,La Sagrada Família,"$1,800",70,3,1,1,"calle de Padilla, 219",41.4039144,2.1793408,https://www.idealista.com/inmueble/100706596/,"Available from May! Beautiful fully furnished and equipped apartment with everything you need to move in! Discover your new home in the heart of Barcelona! This beautiful three-bedroom apartment, located just two blocks from the emblematic Sagrada Familia, offers you a comfortable and stylish life. The apartment has been recently renovated and is fully furnished and equipped with appliances, ready for you to move in without worries. Upon entering, you will be greeted by a bright living-dining room that gives access to a charming balcony, ideal for enjoying your relaxing moments. The kitchen is spacious and functional, perfect for lovers of gastronomy. The apartment has two double bedrooms and one single bedroom. (the single bedroom currently has a bed, which does not appear in the advertisement photos) The complete bathroom with shower adds a touch of modernity and comfort. The apartment is located on the first floor of a building with an elevator, in good condition. The north-east orientation guarantees excellent natural light throughout the day. The heat pump and air conditioning ensure your comfort at any time of the year. The built-in wardrobes offer ample storage space. The location is unbeatable, with perfect public transport connections and close to all types of services and shops. Don't miss this unique opportunity to live in a privileged area of Barcelona. Come visit it and fall in love with your future home!"
94686527,https://img4.idealista.com/blur/480_360_mq/0/id.pro.es.image.master/7f/98/26/895477802.webp,LINK,,Ciutat Vella,La Barceloneta,"$1,750",85,3,1,5,calle de l'Atlàntida,41.3818156,2.1910239,https://www.idealista.com/inmueble/94686527/,"Reference: T607-1 MONTHLY RENTAL FROM 32 DAYS UP TO 11 MONTHS. AVAILABLE FROM June 12, 2025. MONTHLY RENTAL Furnished and equipped penthouse of 85 m2 for temporary rental (from 32 nights to 11 months) in the Ciutat Vella district of Barcelona. The property has 3 bedrooms with double beds, a living-dining room with natural light and access to a balcony, a separate kitchen and a bathroom with a shower. Likewise, it also has a laundry room, internet connection and washing machine. The Ciutat Vella district is one of the most emblematic districts of the city. Its streets are full of history, architecture and multiculturalism. The closest public transport stop is Barceloneta (L4). If you want more information about the terms and conditions of the home, contact ShBarcelona. '."
105036426,https://img4.idealista.com/blur/480_360_mq/0/id.pro.es.image.master/1e/76/7d/1239778961.webp,LINK,,Sants-Montjuïc,El Poble Sec - Parc de Montjuïc,"$1,550",73,3,1,3,avenida del Paral·lel,41.3744508,2.1569713,https://www.idealista.com/inmueble/105036426/,"Reference: I18474-1 MONTHLY RENTAL FROM 32 DAYS UP TO 11 MONTHS. AVAILABLE FROM June 26, 2025. MONTHLY RENTAL ShBarcelona, presents this property fully furnished and equipped in a building with an elevator. It has 73 m2 distributed in 3 double bedrooms, 1 full bathroom, fully equipped American kitchen and living-dining room with exterior access to a balcony. It also has a laundry room, radiator heating, fiber internet connection, dishwasher, washing machine and dryer. The Sants Montjuïc area is one of the oldest in the entire district, which is why you will have any service you may need at your fingertips. Very close to the property you will find supermarkets, bars, cafes, restaurants, gyms, parks and much more. The closest metro stop to the apartment is Poble Sec (L 3 ). If you want more information about the home and our services, contact ShBarcelona. '."
105298607,https://img4.idealista.com/blur/480_360_mq/0/id.pro.es.image.master/4d/ea/5b/1247876760.webp,LINK,,Ciutat Vella,El Raval,"$1,350",70,3,1,1,calle de la Junta de Comerç,41.3798195,2.1694827,https://www.idealista.com/inmueble/105298607/,"AVAILABLE FROM APRIL 24th! - SEASONAL RENTAL Apartment Les Arts A, is a lovely three-bedroom apartment located in the heart of the historic Raval district, just off the famous Boqueria market.  It has been entirely refurbished mixing contemporary design with original features such as the century old wooden windows. The bright living room with sitting and dining area includes a very well-equipped open plan kitchen. There are three bedrooms, all with double beds. The apartment also offers a brand new design bathroom with shower. The living room gives to the street and includes a balcony. Two bedrooms are oriented towards the inner courtyard, while in the third bedroom there is another balcony. It is located in the centre of the nearly pedestrian Raval district, only 150 m away from Barcelona's most famous street: the Ramblas and its green underground line (stop Liceu). The gorgeous and historic Boquería market, the Liceu opera house and the landmark MACBA Museum of Contemporary Art are all just around the corner. - Supplies are not included. - 2 months' deposit. - If the tenant is a company, VAT will be added to the amount of rent indicated. For any additional information, do not hesitate to contact us!"
100115884,https://img4.idealista.com/blur/480_360_mq/0/id.pro.es.image.master/e2/7b/93/1156791521.webp,LINK,,Ciutat Vella,El Gòtic,"$1,700",90,3,1,1,calle de Ferran,41.3798707,2.1731661,https://www.idealista.com/inmueble/100115884/,"Floor main, flat total surface area 90 m², usable floor area 84 m², single bedrooms: 1, double bedrooms: 2, 1 bathrooms, air conditioning (hot and cold), age over 50 years, balcony, heating (natural gas), ext. woodwork (wood), kitchen, dining room, state of repair: in good condition, gas, utility room, furnished, neighbours per floor: 2, floor no. : 1, facing east, automatic door phone, reinforced door, sunny, lands: parquet, double glazing, exterior, pets are allowed (no se aceptan), energy emission rate: E, 42, energy consumption rate: E, 78."
83245373,https://img4.idealista.com/blur/480_360_mq/0/id.pro.es.image.master/ae/93/65/684587080.webp,LINK,,Ciutat Vella,La Barceloneta,"$1,650",80,3,1,3,calle de l'Atlàntida,41.3789156,2.1912239,https://www.idealista.com/inmueble/83245373/,"Reference: I643-1 MONTHLY RENTAL FROM 32 DAYS UP TO 11 MONTHS. MONTHLY RENTAL Great flat for rent in La Barceloneta, in Ciutat Vella which is an ideal location to enjoy the Mediterranean Sea breeze. The apartment is completely furnished and equipped. It has 3 double bedrooms a large living room where you can enjoy beautiful natural sunlight in the morning, and an office. This flat also features an independent kitchen with cooking utensils and a modern bathroom. To make your stay more comfortable, the flat includes internet, heating, TV and laundry room. The building is located in Barceloneta area, in the marine district of the city. It is surrounded by restaurants and leisure areas. It is close to Port Vell and the Catalonian History museum. It is five minutes away on foot from the beach, the harbour and Las Ramblas. The closest metro station is Barceloneta, L4, yellow line.   '."
102499099,https://img4.idealista.com/blur/480_360_mq/0/id.pro.es.image.master/5a/47/fa/1157661964.webp,LINK,,Horta Guinardó,El Baix Guinardó,"$1,895",75,3,1,2,calle de Padilla,41.4137876,2.1694022,https://www.idealista.com/inmueble/102499099/,"Reference: I18320-2 MONTHLY RENTAL FROM 32 DAYS UP TO 11 MONTHS. AVAILABLE FROM June 4, 2025. MONTHLY RENTAL Beautiful 80m2 apartment in Horta-Guinardó, Barcelona. This apartment is fully equipped and furnished ready to move into at any time. This apartment has a spacious and bright living-dining room perfect for getting together with family and friends. It has a total of three bedrooms, two singles and one double, a complete bathroom with a shower, an independent and fully equipped kitchen so you can prepare your best recipes and surprise everyone, and a laundry room. In addition, it is equipped with heating, air conditioning and internet connection. The Horta-Guinard district is characterized by being quiet and with many green areas. You will find local shops, supermarkets, bars, restaurants, schools and parks. The closest metro stop is Alfons X (L4) and several bus stops. If you want more information about all the services and conditions of the home, contact ShBarcelona and we will assist you as soon as possible. '."
107442524,https://img4.idealista.com/blur/480_360_mq/0/id.pro.es.image.master/cf/af/1a/1321023413.webp,LINK,,Gràcia,Vila de Gràcia,"$1,800",153,3,1,bj,calle de Vilafranca,41.4090593,2.1563159,https://www.idealista.com/inmueble/107442524/,"BRAND NEW, FULLY FURNISHED AND RENOVATED APARTMENT with a wonderful design and excellent finishes, in the quiet neighborhood of Gràcia, between the streets of Martí and Sant Salvador. Its approximately 110 square meters of interior space are distributed as follows: -Large living room of about 40m², where an elegant open kitchen has been integrated, equipped with all appliances (vitroceramic hob, hood, combined refrigerator-freezer, dishwasher and column with oven and microwave) -1 large bathroom with shower and screen, where the washing machine and water heater have been installed -1 Master bedroom of 14m² -1 double bedroom of 11m² -1 bedroom of 9m² Excellent finishes: All furniture and appliances are brand new Porcelain stoneware flooring Exterior PVC carpentry and interior lacquered wood in white Lighting by means of a large number of recessed low-consumption halogen lamps Cold and hot air conditioning system by duct for the whole house High ceilings that provide more spaciousness to the different environments Totally ready to move in immediately The rent includes a large private enclosed parking space, with a storage area, with direct access from the street. Excellent location, in the heart of Gràcia with all kinds of cultural and recreational institutions, squares with pleasant terraces, and a wide range of services and communications in the area. This lease is subject to VAT."
39346295,https://img4.idealista.com/blur/480_360_mq/0/id.pro.es.image.master/f1/7c/f9/258237348.webp,LINK,,Eixample,La Sagrada Família,"$1,850",70,3,1,5,avenida de gaudí,41.4043179,2.1727657,https://www.idealista.com/inmueble/39346295/,"Reference: I9690-0 MONTHLY RENTAL FROM 32 DAYS UP TO 11 MONTHS. AVAILABLE FROM June 3, 2025. MONTHLY RENTAL Charming highly desirable flat for rent in Eixample, Barcelona. It has 3 double bedrooms, 2 of these with study space, a modern bathroom, fully equipped American kitchen with high-end appliances, the living room and dining room are well lit and furnished. It comes with air conditioning and heating, plus fibre optic internet which is all included in the price. L'Eixample is the oldest part of the city, therefore possessing the most impressive buildings. The property is two steps from the great architectural jewel by Gaudi, the Sagrada Familia. The Passeig de Gràcia and its exclusive shops are just a few minutes walk from the flat, along this street you will find Casa Milà and Casa Batlló. The neighbourhood has a great selection of the best restaurants in Barcelona, it is the perfect area for socialising whether going out for drinks or to taste the delicious tapas in a bar or terrace. The public transport service linking the area with the rest of the city is excellent, with several bus and metro stops on the doorstep this location allows you to get to the many different points of interest in the surrounding areas with ease. '."
95373989,https://img4.idealista.com/blur/480_360_mq/0/id.pro.es.image.master/76/50/6b/916654562.webp,LINK,,Gràcia,La Salut,"$1,595",60,3,1,2,calle de la Mare de Déu del Coll,41.4079298,2.148524,https://www.idealista.com/inmueble/95373989/,"Reference: T15519-4 MONTHLY RENTAL FROM 32 DAYS UP TO 11 MONTHS. MONTHLY RENTAL Characteristics: 60 m² flat 2 double rooms 1 single room Bathroom with shower Furnished and equipped Air conditioning Heating Lift Floor reference: T15519-4 ShBarcelona, a leading real estate agency in the city, has available this seasonal rental apartment located in the bohemian and modern district of Gràcia. Season Contract This apartment can be rented for stays that do not exceed 11 months. It is the ideal option for students who want to share a flat during a course or for co-workers who come to Barcelona for a temporary project. It is necessary to deposit 2 months of deposit of the monthly rent. The price does not include the cost of supplies (electricity, water and gas). Where is it located? It is located in the Gràcia neighborhood, a few meters from Plaza Lesseps. Broadly speaking, the Gracia neighborhood is easily recognized by its small streets and the life that emanates from its squares. The most normal thing is to always find someone having a drink on a terrace, as it has become a meeting and leisure point for locals. Near the apartment it is possible to find supermarkets, pharmacies, bars and restaurants. It is one of the areas where there is more gastronomic offer. In addition, it is very well communicated with the rest of the city, having the closest metro stop is Lesseps (L3). Bright and furnished apartment This fantastic apartment is fully furnished and equipped. It has a separate kitchen with a fridge, freezer, microwave, coffee maker, toaster, juicer and electric kettle. As for the living-dining room, it is a fantastic room with a sofa, coffee table, flat screen TV and table with chairs. Through it you can access the terrace, which brings a lot of natural light to the room. As for the rooms, it has two doubles and one single, all with their own wardrobe. The bathroom has a shower tray. Tell me more Community fees are included and the farm also has an elevator. '."
107814725,https://img4.idealista.com/blur/480_360_mq/0/id.pro.es.image.master/74/9f/a7/1324619180.webp,LINK,,Sant Martí,El Parc i la Llacuna del Poblenou,"$1,400",69,3,1,1,calle de Pamplona,41.3973062,2.1937292,https://www.idealista.com/inmueble/107814725/,"REF: 002678 Modern flat, it has 3 bedrooms. The flat is located in Sant Martí very close to Barceloneta. The flat is furnished. CHARACTERISTICS: - Flat of 69 m2 (61 m2 useful) in the neighbourhood of the Park and the Lagoon of Poblenou. - It has 1 double bedroom. - 2 single bedrooms. - One complete bathroom. - Fully equipped kitchen. - Spacious living-dining room. - Patio. - Utility room. - Furnished. - Search of all the comforts. TECHNICAL SPECIFICATIONS: Height 3rd floor, floor total area 69 m², useful area 61 m², double bedrooms: 3, 1 bathroom, 1 toilet, air conditioning (hot and cold), age more than 50, fitted wardrobes (more than 2), lift, exterior carpentry (aluminium), interior carpentry (aluminium), kitchen (fully equipped), dining room, state of conservation: good condition, furnished, security system, sunny, flooring: parquet, double glazing, exterior, energy level of emissions: E, 33.68, energy consumption energy level: E, 198.84. LOCATION: Without the hustle and bustle of the centre, the area is well communicated, close to the beach and Ciutat Vella. When the current works in Plaza de las Glòries are finished, it will have a magnificent park next to the National Theatre of Catalonia, and the best of the traffic of the Gran Via will circulate underground. ABOUT ALL4FLAT: We are a Real Estate agency located in Barcelona. Our work consists of helping in all the necessary steps and stages for the intermediation of real estate properties. We have an extensive portfolio of products including all types of real estate for purchase or rent. In addition, we offer complementary quality real estate services such as: partial or integral reforms, vertical and/or horizontal administrations, financing solutions, insurance processing and legal and fiscal advice. We offer professional services guaranteeing the quality and integrity of our service to ensure the success of the company."
108083477,https://img4.idealista.com/blur/480_360_mq/0/id.pro.es.image.master/67/cb/c2/1333310006.webp,LINK,,Eixample,La Nova Esquerra de l'Eixample,"$1,800",59,3,1,4,"calle d'Aragó, 37",41.37961,2.147993,https://www.idealista.com/inmueble/108083477/,"TEMPORARY RENTAL BETWEEN 8 AND 11 MONTHS. AVAILABLE FROM JUNE 20th ** Located in a bright apartment on Calle d'Aragó, this room is part of a charming, well-maintained shared apartment in the heart of La Nova Esquerra de l'Eixample. The apartment is 59m², has 3 bedrooms, 1 bathroom, a kitchen equipped with appliances, is furnished and has a south-facing exterior balcony, ideal for taking advantage of natural light. It is located on a fourth floor with elevator, in a building built in 1920. The area stands out for its excellent communication: a few minutes' walk from metro stations (L1 and L5), buses and train. Very close to Parc de Joan Miró, Sants Station and the Ninot market, as well as being surrounded by supermarkets, bars and points of interest. It is a quiet and well-connected neighborhood, ideal for those seeking urban comfort without the tourist hustle and bustle. Are you interested in living here? Write to us for more information or to schedule a visit. ref: ALQ-arago."
106526213,https://img4.idealista.com/blur/480_360_mq/0/id.pro.es.image.master/2c/79/76/1285527050.webp,LINK,,Ciutat Vella,El Raval,"$1,595",72,3,1,1,Passatge de Bernardí Martorell,41.3809133,2.167845,https://www.idealista.com/inmueble/106526213/,"Reference: T19664-2 MONTHLY RENTAL FROM 32 DAYS UP TO 11 MONTHS. MONTHLY RENTAL ShBarcelona presents this fully furnished and equipped property. It has 72 m² distributed in 3 double bedrooms, 1 full bathroom with bathtub, open-plan kitchen with utility room, and a living-dining room with exterior access to 2 balconies. It also has split air conditioning and heat pump heating. The Ciutat Vella neighbourhood is one of the oldest in the entire district, so you will have any service you may need within reach. Very close to the property you will find supermarkets, bars, cafes, restaurants, gyms, parks and much more. The closest public transport stops to the property are Liceu (L3) and Sant Antoni (L2). If you would like more information about the property and our services, please contact ShBarcelona. '."
107822203,https://img4.idealista.com/blur/480_360_mq/0/id.pro.es.image.master/03/03/81/1324953120.webp,LINK,,Eixample,Sant Antoni,"$1,650",84,3,1,2,"calle del Parlament, 17",41.3760056,2.1617734,https://www.idealista.com/inmueble/107822203/,"**Apartment for Temporary Rent in the Heart of Barcelona - Ideal for Enjoying the City** Discover this magnificent 84 m² apartment, fully furnished and equipped, perfect for a temporary stay in one of the most vibrant areas of Barcelona. With an entrance hall that welcomes you, this home has a full bathroom with a shower and a toilet. Fully equipped kitchen connecting to a practical laundry room. This additional space, facing northeast, offers two lofts ideal for storage. The living-dining room, facing south, floods the environment with natural light, allowing you to enjoy the sun practically all day. From here, you can access a small balcony overlooking the street, perfect for relaxing and enjoying the city's hustle and bustle. The apartment has three bedrooms: one single room fully equipped and two double rooms, ideal for resting after a day exploring the city. - A few meters away we find Red Line L1 Poble Sec and L2 Sant Antoni and Paral·lel L3. - All services very close to the property. - Includes WIFI. - Next to Plaza España. Contact us for more information!"
106674707,https://img4.idealista.com/blur/480_360_mq/0/id.pro.es.image.master/19/76/44/1290583414.webp,LINK,,Horta Guinardó,El Baix Guinardó,"$1,845",60,3,1,7,ronda del Guinardó,41.4137491,2.1689318,https://www.idealista.com/inmueble/106674707/,"SEASONAL RENTAL FROM 32 DAYS TO 11 MONTHS AVAILABLE 12/06/2025 This beautiful apartment located in Horta Guinardó, is available for temporary rental. Baix Guinardó is a quiet and very non-touristy neighborhood in Barcelona, the latter best exemplified by its proximity to icons such as the Sagrada Família or Park Güell. It offers the best of both worlds: rustic Catalan charm and urban living with plenty to do, plus rooftop views. Easily accessible by public transport, it is a great place to stay for those looking to see the city while soaking up an authentic atmosphere. Upon entering, you will be greeted by a beautiful American style kitchen, to your right, fully equipped for your use. It is contemporary decorated with a mix of light wood and modern accessories. The rooms are private, bright and with plenty of storage space. The living room is very spacious and comfortable for you to relax after a long day. Right there, the exit to the balcony with a nice coffee table so you can enjoy the most beautiful views. The apartment is 75m2, and fully furnished and equipped. In general, you can find air conditioning, sofa bed, washing machine, clothesline, heating, television, cleaning set, and iron and ironing board. While in the kitchen, you have an induction hob, an oven, a 60cm dishwasher, an Italian coffee maker, a refrigerator and a microwave. Reservation conditions: - 2 months deposit - Fees."
105458470,https://img4.idealista.com/blur/480_360_mq/0/id.pro.es.image.master/0d/f2/f3/1252825735.webp,LINK,,Ciutat Vella,La Barceloneta,"$1,400",55,3,1,7,paseo de Joan de Borbó,41.3803659,2.1878755,https://www.idealista.com/inmueble/105458470/,"INCREDIBLE VIEWS! AVAILABLE JULY 1ST! TEMPORARY RENTAL! TO REQUEST A VISIT OR TO GET INFORMATION ABOUT THE PROPERTY YOU MUST FILL OUT THE CONTACT FORM. DUE TO HIGH DEMAND, WE DO NOT ATTEND PHONE CALLS. Incredible Views! 55-meter apartment for rent in Barceloneta, on Paseo Joan de Borbó. The apartment consists of 3 bedrooms, a living-dining room with a bay window, an independent kitchen, a bathroom and two balconies. It is located on the seventh floor of the building with plenty of natural light and an elevator. It has air conditioning and heating. It is rented for a temporary stay between 5 and 11 months."
108060372,https://img4.idealista.com/blur/480_360_mq/0/id.pro.es.image.master/89/b4/9f/1332630612.webp,LINK,,Ciutat Vella,Sant Pere - Santa Caterina i la Ribera,"$1,800",108,3,1,3,calle de Montcada,41.3839697,2.1808384,https://www.idealista.com/inmueble/108060372/,"Recently renovated 3-bedroom apartment, very bright, 108 m2, with a large living-dining room and a second library space where you can relax in the tranquility of an interior space but very bright due to the large windows and high ceilings. In a building cataloged as a historical jewel of the Born. It has 1 bathroom, 1 toilet, 3 double bedrooms, 1 exterior facing the street and 2 interior. All with wardrobe or chest of drawers. The kitchen is equipped with a refrigerator, dishwasher, oven and washing machine. High ceilings and parquet floors. Low-consumption electric radiators in the bedrooms and silent DC ceiling fans. Air conditioning in the living-dining room. The building does not have an elevator. Third Floor. The rental price is €1,604. To this price must be added the IBI (€60), the porter's fees (€81) and €55 for community services and supplies, making the total price €1,800. A deposit of 2 months' rent is required. That is, a total of €1,800 x 3 = €3,600 deposit. In accordance with the new housing regulations, it is reported that: -Housing located in a tensioned residential market area -Landlord's condition: Not a large landlord -Housing purpose: Permanent residence -Situation within the last 5 years: Not rented In one of the most attractive streets of the Born, surrounded by museums and art galleries, as well as good restaurants and leisure areas."
104231732,https://img4.idealista.com/blur/480_360_mq/0/id.pro.es.image.master/03/20/26/1213863642.webp,LINK,,Eixample,La Sagrada Família,"$1,490",80,3,1,3,calle de la Indústria,41.4103375,2.1725559,https://www.idealista.com/inmueble/104231732/,"TEMPORARY RENTAL | IMMEDIATE AVAILABILITY Industry - Gaudí Avenue. 80m² apartment in Sagrada Familia. It is delivered furnished and with an equipped kitchen, ready to move in. It has an exterior living room with a covered gallery area. Independent equipped kitchen with all appliances. Three bedrooms, one double and two single. Complete bathroom with bathtub. Gas heating in all rooms. Parquet floors. Exterior carpentry in aluminum and wood. Third exterior floor in a building with an elevator. Excellent communication with public transport and surrounded by all services. Utilities registered. Immediate availability. If you want to visit this apartment or have any questions, do not hesitate to contact us through the following channels: Landlines: Mobile phone and WhatsApp | You can also visit our offices: Carrer de la Indústria 137 08025 Barcelona Passeig de Sant Joan 150 08037 Barcelona For your safety, always request AICAT accreditation in any operation you carry out with a real estate agent. PUNTO HABITAT AICAT 5508 IRPA Lower area 12.55 €/m² Index 14.17 €/m² Upper area 17.58 €/m²."
90464788,https://img4.idealista.com/blur/480_360_mq/0/id.pro.es.image.master/01/e9/3e/791000608.webp,LINK,,Eixample,La Sagrada Família,"$1,850",68,3,1,4,"calle de Valencia, 462",41.4030794,2.177609,https://www.idealista.com/inmueble/90464788/,"Monthly rental apartment (from 32 days to 11 months) Available from May 22th 2025 Located in one of the most central areas of Barcelona, in the heart of Eixample Dreta, we find this fabulous apartment of 68 mt2 very well used. As you enter, you will find a large living room, with exit to a beautiful terrace where you can enjoy the climate of the city, while having a drink. The kitchen is independent and fully equipped with all the necessary appliances. The night area consists of 3 double rooms, one of them with a practical desk, perfect for studying or working. The bedrooms share a full bathroom with a bathtub.  The apartment has heating, air conditioning and wifi included in the rental price. Its location is privileged, just steps away from Gaudi's masterpiece ""La Sagrada Familia'' and a few meters from the Monumental statio."
103537848,https://img4.idealista.com/blur/480_360_mq/0/id.pro.es.image.master/63/64/ce/1192664734.webp,LINK,,Ciutat Vella,El Raval,"$1,790",56,3,1,en,"calle de Lancaster, 13",41.3784123,2.1744849,https://www.idealista.com/inmueble/103537848/,"Monthly rental apartment (from 32 days to 11 months) Available from July 3rd 2025 This apartment of 55 m2 fully furnished, enjoys a central location that will allow you to reach any point of the city very easily. It is a bright and beautiful main house completely renovated with ceilings of 3 meters and stylish decor, original walls and ceilings have been recovered providing a sense of comfort and beauty in all its rooms. The day area has a living room with integrated kitchen, this space is nice and comfortable, has access to a cozy balcony. The kitchen is fully equipped with all the utensils and appliances needed to cook at home. The sleeping area consists of 3 bedrooms: 2 singles and 1 double. The bedrooms share a full bathroom with shower. The apartment has air conditioning, heating and wifi. The neighborhood: Almost at the end of Las Ramblas and before we meet the statue of Columbus, we find this apartment, located steps from La Rambla, famous and busy street that invites you to walk it from start to finish to the beat of the stalls that are on both sides and sell everything from flowers to ice cream, in addition to the various restaurants and bars that open their terraces facing the road. The apartment is located 2 minutes from the Plaza Real where you can enjoy the gastronomic offer of the restaurants and nightlife of the locals that are located there; 6 minutes from the Gran Teatre del Liceu; and the assorted and popular Boqueria market is located 7 minutes away. One of the most important landmarks of the city is undoubtedly Plaza Catalunya, a 14-minute walk away, where you can find metro and train lines, stores and boutiques, restaurants and all kinds of commerce. Drassanes station (L3) is a 4-minute walk away."
105164089,https://img4.idealista.com/blur/480_360_mq/0/id.pro.es.image.master/bc/6b/fd/1243753582.webp,LINK,,Eixample,Sant Antoni,"$1,600",55,3,1,4,calle del Comte d'Urgell,41.3824223,2.160812,https://www.idealista.com/inmueble/105164089/,"Available June 1st Discover your new home in the heart of Barcelona! This charming apartment, renovated in 2018, combines the elegance of its 3-meter high ceilings with wooden beams and the modernity of its finishes. With 55 m² built and 48 m² usable, this space is ideal for three young people to share thanks to its 3 bedrooms with double beds. The aluminum carpentry with double glazing ensures a quiet and isolated environment. Furthermore, it overlooks an interior courtyard, so forget about car noise altogether. Fully furnished and equipped, this apartment features hot/cold air conditioning and electric heating, guaranteeing your comfort throughout the year. The parquet flooring adds a warm and cozy touch. The American kitchen is fully equipped with an oven, dishwasher, microwave, and coffee maker, perfect for preparing delicious meals. The living-dining room, with a 40"" flat-screen TV, opens onto a long 4x1-meter balcony, ideal for enjoying a coffee outdoors. The building, built in 1910, has a small elevator and is located on the third floor, south-facing. Its excellent location on Carrer Comte Urgell, between the Sant Antoni Market and Gran Via, places you just 3 minutes from the ""Urgell"" metro line 1, a 14-minute walk from Plaza Catalunya, and 17 minutes from Plaza España. The area is surrounded by abundant shops: supermarkets, restaurants, pharmacies, bakeries, and cafes, offering everything you need at your fingertips. This apartment is a unique opportunity to live in one of the most vibrant and well-connected areas of Barcelona. Don't miss the opportunity and come visit it!"
104327399,https://img4.idealista.com/blur/480_360_mq/0/id.pro.es.image.master/6c/45/5b/1216959906.webp,LINK,,Eixample,La Sagrada Família,"$1,795",77,3,1,5,calle de Padilla,41.4075554,2.1762206,https://www.idealista.com/inmueble/104327399/,"TEMPORARY RENTAL APARTMENT (32 DAYS TO 11 MONTHS) AVAILABLE FROM 05.06. 2025 WIFI INCLUDED IN THE RENT This magnificent apartment has just been completely renovated and is waiting for you! Located in Sagrada Familia, it is available for temporary rental. Just a few minutes from the Sagrada Familia, you will be in the heart of Barcelona. The apartment is in a very quiet area full of culture that will captivate you. It’s a neighborhood you won’t want to leave! Nearby, you will find several shops to meet all the needs you can imagine. Right next to the Sagrada Familia is Gaudí Park, an area full of nature, perfect for relaxing. The streets are charming, colorful, and easy to navigate. Recently decorated by Loca, you will live in a top-notch place! Upon entering, you will be greeted by a spacious wardrobe, perfect for clothes that take up too much space. Next, you will find the master bedroom, with its own television and a large wardrobe, a perfect space for your privacy. Then there is the first bathroom, equipped with grab bars for added safety. The kitchen, on the other hand, is a compact space where everything is within reach; it also includes a folding table in case you need more space or want to have your meals on the go. The laundry room is next to the kitchen and has a washer and dryer for your convenience. The second bedroom has its own half bath en-suite directly connected, ideal for added privacy. The third bedroom is very spacious and has a window overlooking the interior of the building. Finally, the living room is perfectly situated to receive sunlight from the balcony, allowing you to enjoy the beautiful colors of the city. In the living room, you will find a comfortable sofa with an additional television for the family, a dining table, and access to the balcony with a table perfect for your morning coffee. The apartment is fully furnished, renovated, and equipped for your comfort. It contains two televisions, one in the master bedroom and another in the living room. The kitchen is fully equipped with everything you need, including a coffee maker, refrigerator, oven, dishwasher, ceramic hob, microwave, and oven, while the laundry room has a washer and dryer for your convenience. BOOKING CONDITIONS Agency fees 2 months deposit."
103595286,https://img4.idealista.com/blur/480_360_mq/0/id.pro.es.image.master/90/eb/3d/1194430723.webp,LINK,,Sarrià-Sant Gervasi,El Putxet i el Farró,"$1,895",66,3,1,2,calle de Pàdua,41.4034086,2.1421077,https://www.idealista.com/inmueble/103595286/,"SEASONAL RENTAL FROM 32 DAYS TO 11 MONTHS AVAILABLE 17.07. 2025 WIFI ALREADY INCLUDED IN THE RENT This flat is located in Carrer de Pàdua, Barcelona, Barcelona, in the district of Sarrià-Sant Gervasi, on the 2nd floor. It is a flat of 66 m2 of which 60 m2 are useful and it has 3 bedrooms and 1 bathroom. It is bright, has a laundry room, dishwasher, air conditioning, balcony, furnished, lift, equipped kitchen and fitted kitchen. This charming 3-bedroom, 1-bathroom flat, conveniently located on the 3rd floor, offers a delightful blend of comfort and style for seasonal rentals in the Sarrià Sant Gervasi neighbourhood. Fresh and cosy, the living room is the perfect space to unwind. The bright atmosphere created by the large windows and the direct access to the balcony will make you fall in love with this area of the flat. The balcony, generously sized and equipped with a small outdoor table, offers an ideal setting to soak up the charm of the residential neighbourhood. The contemporary, spacious and well-equipped kitchen is designed for your comfort. The 3 double bedrooms are not only cosy and elegant, but also guarantee a restful night's sleep. The master bedroom has an exterior window that welcomes in natural light and has a functional desk, perfect for those days of working remotely. Living in Sarrià Sant Gervasi is a unique experience in itself. Embrace the local lifestyle and enjoy the tranquillity of this residential neighbourhood. From charming cafés to boutique shops, Sarrià Sant Gervasi offers a perfect blend of urban comfort and tranquil ambience. Booking conditions: * Agency fee *2 months deposit."
106745576,https://img4.idealista.com/blur/480_360_mq/0/id.pro.es.image.master/38/9f/87/1333553972.webp,LINK,,Ciutat Vella,El Raval,"$1,430",60,3,1,3,calle de la Riera Baixa,41.3817,2.1677888,https://www.idealista.com/inmueble/106745576/,"Magnificent 3-bedroom apartment on Riera Baixa street. The apartment has access to a very spacious and bright roof terrace. The apartment is exterior and very bright, it has 3 bedrooms, two of them singles and one double with a desk. All rooms have wardrobes. Full bathroom with shower. The kitchen is fully furnished and equipped. It has air conditioning through hot and cold air splits in each of the rooms and also in the living room. The location is ideal, 5 minutes from the Liceu and Sant Antoni metro stops and 10 minutes from Plaza Cataluña. Close to all kinds of shops. The apartment will be available for seasonal rental (minimum 11 months) from January 29, 2025."
83544548,https://img4.idealista.com/blur/480_360_mq/0/id.pro.es.image.master/8f/d0/e2/695571167.webp,LINK,,Eixample,La Sagrada Família,"$1,495",67,3,1,5,Mallorca,41.4078812,2.1793439,https://www.idealista.com/inmueble/83544548/,"Apartment for temporary rent of 74m2 built according to cadastre. It is a very bright and cozy apartment, furnished with everything necessary to settle in one of the best areas of the city of Barcelona, the Sagrada Familia. It has a living room with split air conditioning hot and cold, bathroom, kitchen and gallery. There are 3 bedrooms, 1 double with fitted wardrobes and 2 singles. Parket floors. Available from March 1, 2019 Expenses, taxes and bail not included in the rental price. In the surroundings there are supermarkets, tapas bars, sports centers, schools and a magnificent transport network that connects with the most important points of the city. Subway: L2-Encants, L1- Clot Bus: V23, V50, 33, 34, H10 The neighborhood of the Sagrada Familia is made up of quiet, safe residential streets that mostly host families, elderly people and professionals."
106036462,https://img4.idealista.com/blur/480_360_mq/0/id.pro.es.image.master/64/b2/e4/1270597296.webp,LINK,,Sants-Montjuïc,Hostafrancs,"$1,795",60,3,1,3,calle del Consell de Cent,41.375373,2.1447852,https://www.idealista.com/inmueble/106036462/,"SEASONAL RENTAL FROM 32 DAYS TO 11 MONTHS  Available 13.06. 2025 WIFI IS ALREADY INCLUDED IN THE RENT  Cozy 55m² apartment with three bedrooms and a full bathroom, available for temporary rental in the lively Sants-Montjuïc neighborhood. Fully furnished and equipped, this apartment offers a comfortable and pleasant living experience in one of Barcelona's most dynamic areas. The neighborhood is known for its vibrant streets, with a wide variety of local restaurants, shops, and cultural attractions to explore. You will be just a 5-minute walk from Plaza Espanya, a cultural hub and central point of the city.  Upon entering, you are welcomed by a colorful living room that feels warm and inviting, while the nearby kitchen, equipped with modern appliances and ample storage space, also contains a dining table for two, making meal preparation easy and enjoyable. The living room is also equipped with air conditioning, perfect for any season. The three well-lit bedrooms provide a sense of complete privacy, each with its own desk, ideal for focusing on your tasks; one of the bedrooms contains a balcony, with exquisite views of Catalan architecture. The apartment also features a terrace ideal for doing laundry and enjoying fresh air and sunlight.  Ideally located, the apartment provides quick access to the entire city with excellent public transport connections via metro L1 and bus, making it easy to reach universities, hospitals, and other must-see places during your stay.  This 83 m² apartment comes fully equipped with all essential appliances, including air conditioning, heating, washing machine, drying rack, iron, and ironing board. The kitchen is equipped with a coffee maker, ceramic hob, oven, refrigerator, and microwave.    Booking conditions  -agency fees  -2 months deposit."
108045279,https://img4.idealista.com/blur/480_360_mq/0/id.pro.es.image.master/07/22/fd/1332180482.webp,LINK,,Eixample,La Sagrada Família,"$1,850",67,3,1,5,calle de Provença,41.4077784,2.1769457,https://www.idealista.com/inmueble/108045279/,"**TEMPORARY CONTRACT** IDEAL FOR STUDENTS **Discover your new home in the vibrant Sagrada Familia neighborhood! ** This magnificent, bright 67 m² apartment has been recently renovated and is ready for you to move in. With a modern and cozy design, it features 3 exterior bedrooms: one large double bedroom and two single bedrooms, perfect to adapt to your needs. The living room, full of natural light, gives you access to a charming terrace where you can enjoy the fresh air. In addition, the apartment is equipped with air conditioning and heat pump heating, guaranteeing your comfort throughout the year. The modern 3-piece bathroom adds a touch of elegance to this home. Located on the fifth floor of a building with an elevator, this apartment is just 5 minutes from the emblematic Sagrada Familia and close to all the services you need for your day-to-day life. Don't miss the opportunity to live in one of the most emblematic areas of Barcelona. Come visit it and fall in love with your new home! Large Fork: NO Last contract: Not applicable **temporary contract** Rental Index: Not applicable **temporary contract. **."
108012645,https://img4.idealista.com/blur/480_360_mq/0/id.pro.es.image.master/e3/89/32/1331172800.webp,LINK,,Sants-Montjuïc,El Poble Sec - Parc de Montjuïc,"$1,700",69,3,1,3,calle de Radas,41.374519,2.1614298,https://www.idealista.com/inmueble/108012645/,"CHARACTERISTICS: -Flat of 69m2 in Poble-Sec -Recently refurbished, with high quality materials and design finishes -The flat has 3 double rooms -1 bathroom -Fully equipped kitchen -Fully furnished, ready to move in -Balcony, overlooking the street -Very sunny -Close to all amenities TECHNICAL DATA SHEET: Height 3rd floor, total surface 69 m², useful surface 62 m², double rooms: 3, 1 bathroom, air-conditioned (hot and cold), antiquity between 30 and 50 years, balcony (with street views), heating (natural gas), exterior carpentry (aluminium), interior carpentry (aluminium), kitchen (fully equipped), state of repair: renovated, laundry (with washing machine), furnished (fully furnished), sunny (very sunny), double glazing (soundproofed windows), energy level of emissions: E, 33.79, energy consumption level: E, 162. LOCATION: Being a residential area, it has all the comforts and services, from pharmacies to supermarkets. Also very close to Poble Sec and Paral. lel is the Mercat Sant Antoni, a huge market that sells especially edible products and which in turn is a good place to take a walk and please your senses. Poble Sec is only a 10/20 minute walk from Las Ramblas. The main advantage of staying in this area is that you will be close to the centre, but in a quieter part. If you want to avoid the hustle and bustle of tourists, this is your neighbourhood.  There are 2 underground stops appropriately called Paral. lel and Poble Sec. They are on the same line and are one or two stops from Las Ramblas. You will find many theatres in Poble Sec, such as the mythical El Molino, or the Teatre Grec on Avenida Diagonal where an internationally renowned festival of theatre, dance and music is held every year. ABOUT ALL4FLAT We are a Real Estate agency located in Barcelona. Our work consists of helping in all the necessary steps for the intermediation of real estate. We have an extensive portfolio of products that include all types of real estate for purchase or rent. In addition, we offer complementary quality real estate services such as: partial or integral reforms, vertical and/or horizontal administrations, financing solutions, insurance processing and legal and fiscal advice.  We offer professional services guaranteeing the quality and integrity of our service to obtain the success of the company."
106428577,https://img4.idealista.com/blur/480_360_mq/0/id.pro.es.image.master/ae/70/88/1282666118.webp,LINK,,Eixample,La Sagrada Família,"$1,895",79,3,1,5,avenida Diagonal,41.3999126,2.1746838,https://www.idealista.com/inmueble/106428577/,"SEASONAL RENTAL (32 Days - 11 Months) AVAILABLE ON 04.05 This spacious 70m2 apartment is located in the most desirable neighborhood of Eixample Dreta. It has been beautifully designed and features 3 bedrooms, 3 bathrooms, and large windows, making it a perfect retreat during your short-term stay in the center of Barcelona. Upon entering, you will find a spacious living room ideal for entertaining and relaxing with your roommates. The three bedrooms in the apartment are thoughtfully arranged to meet all your needs. The first bedroom features a double bed and an interior balcony that provides a good balance of privacy and comfort. The second bedroom is spacious and has a large wardrobe. The third bedroom is complete with a double bed, a large wardrobe, and a work desk. The apartment is situated in the vibrant neighborhood of Eixample Dreta, within walking distance of all kinds of restaurants, shops, and cultural attractions. You can stroll through the beautiful avenues, savor the flavors of local cuisine, and experience the authentic taste of Barcelona. The apartment is equipped with essential amenities such as air conditioning, heating, television, washing machine, drying rack, ironing set, and cleaning set. The kitchen is also equipped with a dishwasher, coffee maker, ceramic hob, oven, refrigerator, and microwave."
106748691,https://img4.idealista.com/blur/480_360_mq/0/id.pro.es.image.master/5b/ae/b0/1332643216.webp,LINK,,Eixample,La Nova Esquerra de l'Eixample,"$1,500",91,3,1,4,"calle de Provença, 54",41.3828571,2.1459192,https://www.idealista.com/inmueble/106748691/,"******PRIORITY WILL BE GIVEN TO WHATSAPP CONTACTS****** +++++QR CODES IN THE IMAGES+++++ +++ IMMEDIATE DELIVERY +++ Apartment for rent: bright and fully equipped Magnificent 3-bedroom apartment for rent (1 double bedroom and 2 single bedrooms), ideal for families or sharing. The property features: Air conditioning, guaranteeing comfort all year round. Private balcony, perfect for enjoying the outdoors. Fully equipped kitchen and furniture, ready to move in without any additional expense. Located in a modern building with concierge service and an advanced security system, offering peace of mind and comfort at all times. Excellent location: close to all services, public transport, shops and green areas. An ideal option for both students and couples looking for comfort and proximity to everything they need for their day-to-day lives. The building has a concierge service. Come visit it! Don't miss this opportunity! Contact us for more information or to arrange a viewing. 11-month contract Agency fees not included Utilities not included ******PRIORITY WILL BE GIVEN TO WHATSAPP CONTACTS****** +++++QR CODES IN THE IMAGES+++++."
99932629,https://img4.idealista.com/blur/480_360_mq/0/id.pro.es.image.master/dd/fb/1f/1061152010.webp,LINK,,Eixample,Sant Antoni,"$1,570",115,3,1,3,calle del Comte d'Urgell,41.3805674,2.1590435,https://www.idealista.com/inmueble/99932629/,"Excellent apartment located on Comte d'Urgell street, next to Gran Via de Les Corts Catalanes and close to Sant Antoni market. It has an area of 115m2, currently has 3 double bedrooms, but there used to be 4 bedrooms, so one bedroom has an area of 15m2. Exterior, kitchen-office with laundry room and 2 bathrooms. It has a large 12m2 terrace that can fit a table. Bright, with afternoon sun. Parquet flooring, individual heating, aluminum carpentry, semi-furnished. It has wardrobes in both the bedrooms and the hallway. Good condition. Building from 1970, renovated, with 2 elevators. Very well connected: next to the Urgell L1 metro station, bus lines: V11, E95, L95, E14, E15.1 and BUSGARRAF. Very commercial and central area. 5-YEAR LAU CONTRACT. FEES PAID BY THE OWNER. 1 MONTH DEPOSIT AND 1 MONTH ADDITIONAL GUARANTEE."
98237990,https://img4.idealista.com/blur/480_360_mq/0/id.pro.es.image.master/c3/84/bc/1005014675.webp,LINK,,Eixample,La Nova Esquerra de l'Eixample,"$2,095",92,3,1,1,calle del Comte Borrell,41.3852045,2.1530505,https://www.idealista.com/inmueble/98237990/,"SEASONAL RENTAL FROM 32 DAYS TO 11 MONTHS APARTMENT AVAILABLE 01.05. 2025 WIFI INCLUDED IN THE RENT This apartment is located at Carrer del Comte Borrell, 08029, Barcelona, Barcelona, in the Eixample Esquerra area, on the 1st floor. It is an apartment that has 92 m2, of which 87 m2 are usable, and it has 3 bedrooms and 1 bathroom. Are you looking for a seasonal rental apartment for a family or for sharing? LOCA Barcelona offers you this great apartment in the Eixample Izquierdo neighborhood, close to the Hospital Clínic. You will love the home, as it is spacious and very bright, in addition to having 3 double bedrooms, 1 with an en-suite bathroom and 1 full bathroom. Another detail to highlight is its independent kitchen, which is fully equipped, as well as the spacious living-dining room that comes with 2 sofas and access to the balcony. It has storage space for your belongings, wooden floors, air conditioning, and heating. The Wifi connection is included in the rental price. The Eixample was created by engineer Ildefonso Cerdá in the late 19th century. Its wide tree-lined streets invite you to stroll and discover all the treasures of this area. Barcelona is the cradle of Catalan modernism, with architectural gems such as: Casa Batlló, Casa Milá, and La Sagrada Familia. The Eixample is a vibrant neighborhood, with universities, services of all kinds, and some of the best restaurants in the city. Its tourist and commercial attractions make it the central axis of the city today. Getting around the city will not be a problem, as the Hospital Clínic metro station is two blocks from the building. It is worth mentioning the Bicing service, which is the public bike rental in Barcelona. Booking conditions  -fees  -2 months deposit."
98237672,https://img4.idealista.com/blur/480_360_mq/0/id.pro.es.image.master/73/82/b5/1005004071.webp,LINK,,Eixample,Sant Antoni,"$1,795",95,3,1,en,calle d'Entença,41.3777693,2.1548817,https://www.idealista.com/inmueble/98237672/,"SEASONAL RENTAL FROM 32 DAYS TO 11 MONTHS AVAILABLE FROM 04.05 This apartment is located on Carrer de Entença, next to the Poblesec metro station. It has a surface area of 95m2, of which 89m2 are usable. LOCA Barcelona offers you a beautiful seasonal rental apartment in the heart of Barcelona, in the popular Sant Antoni neighborhood. It has 3 bedrooms with double beds and 1 bathroom. Additionally, it features an independent office for uninterrupted work, equipped with two desks and two chairs. This property is located on the first floor of a building with an elevator, and it is rented fully furnished. It has an open-plan living-dining room furnished with a 3-seater sofa and TV. It includes a fully equipped independent kitchen, which comes with a microwave, kettle, coffee maker, toaster, and oven, and it has access to a small interior patio with a washing machine. The apartment is located on a semi-pedestrian street, in the historic center of Barcelona, in the Sant Antoni neighborhood, which is an emerging area of Eixample, sought after by both foreigners and locals. From this location, you will be just a few meters from the Sant Antoni Market, and you will also find yourself close to the Sant Antoni (Line 2) and Paral-lel (Line 3 and 2) metro stops. Every Sunday morning, a second-hand book and stamp market is held at the Sant Antoni municipal market. Furthermore, we must mention the tree-lined Mistral Avenue, where the building is located, which is filled with simple cafes with outdoor terraces and parks. Booking conditions: - 2 months deposit - agency fees Contact us for a visit or more information!"
103110021,https://img4.idealista.com/blur/480_360_mq/0/id.pro.es.image.master/4e/70/e3/1323510974.webp,LINK,,Eixample,La Sagrada Família,"$1,600",81,3,1,7,rosello,41.4068544,2.1730443,https://www.idealista.com/inmueble/103110021/,"INMO LEPANTO. - Reference: DA-202314 SEASONAL RENTAL, property not available as a habitual residence. Ideal if needed for a limited time for work, health, studies.. . Proof of reason is essential. Applications that do not meet the requirements will NOT be accepted. We exclusively present this spectacular renovated apartment on a seventh floor with elevator. This elegant and modern apartment, located on the seventh floor of a building with an elevator, is a jewel in the real estate market. With a strategic location, this property has been completely renovated to offer a contemporary and welcoming space to its future residents. Main features: - Location: Located on the seventh floor, this apartment enjoys breathtaking views and a refreshing breeze. The height offers a feeling of privacy and tranquility in the middle of the city. - Renovated: This apartment has been meticulously renovated to offer a modern and functional look. The spaces have been designed with attention to detail and high-quality materials. - Distribution: The apartment has three bedrooms, one double and two single. This makes it ideal for families or for those looking for extra space for home offices, game rooms or guests. The bathroom is contemporary and functional, providing comfort and privacy. The apartment has 2 large balconies overlooking the Sagrada Familia. - Equipment: This apartment is fully equipped with high-quality furniture and appliances in the kitchen and common areas. However, it is noteworthy that the bedrooms are offered without beds, giving you the flexibility to personalize them according to your needs and personal tastes. - This apartment is ideal for those who value comfort, functionality and style in a central and convenient location. Don't miss the opportunity to make this space your new home! - Community fees and IBI included in the price. - It is mandatory to take out a tenant's liability insurance policy. - Contact us today to schedule a visit and discover all the amenities this apartment has to offer. NOW AVAILABLE INMO LEPANTO. -."
107090226,https://img4.idealista.com/blur/480_360_mq/0/id.pro.es.image.master/71/09/e4/1302669178.webp,LINK,,Sants-Montjuïc,El Poble Sec - Parc de Montjuïc,"$1,500",75,3,1,bj,"calle del Poeta Cabanyes, 45",41.3732096,2.165152,https://www.idealista.com/inmueble/107090226/,"Disponible 1 JULY/ / Please write, don't call =) CONTACT Answer with these 3 points: 1) Names, ages, reason of your stay. 2) Period you would be interested in. 3) ideal day/time for a visit CONTRACT Temporal. Oriented to students and internships.  APARTMENT 75m / 3 rooms + dinning/living room + kitchen + laundry + 2 bathrooms. Ground floor. Low natural light. Good ventilation. PRICES Rent: 1500€  Services: 150€ / wifi, water, electricity Total 1650€/mes Deposit: 2000€ (to be returned) Agency fees: 825€ (initial cleaning, contract, maintenance, equipped flat) Metro L3 y L2 PARALEL."
107469591,https://img4.idealista.com/blur/480_360_mq/0/id.pro.es.image.master/d8/02/59/1313687060.webp,LINK,,Sants-Montjuïc,El Poble Sec - Parc de Montjuïc,"$2,000",53,3,1,2,calle de Blasco de Garay,41.371718,2.163989,https://www.idealista.com/inmueble/107469591/,"AVAILABLE FROM THE 18 MARCH FOR MONTHLY RENTALS 3-11 MONTHS Located in the heart of Poble Sec, this charming apartment offers the perfect blend of modern comfort and authentic Catalan charm. Featuring exposed Catalan beams that beautifully contrast with its sleek, contemporary design, this home is a true gem in one of Barcelona’s most exciting up-and-coming neighborhoods. Inside, you’ll find a fully equipped central kitchen, perfect for home-cooked meals, and a separate living room with large windows overlooking a calm, picturesque street. The living room also boats a large TV and a comfortable sofa, a perfect place to relax. The apartment has three bedrooms—two with double beds and one with a single—making it ideal for 4-5 people. A newly renovated bathroom and an efficient layout ensure comfort and functionality for everyone residing here. Poble Sec is known for its vibrant energy, with lively tapas bars and a young, dynamic atmosphere. Just a short walk away, you’ll find the municipal swimming pool on Montjuïc, famous for hosting events during the 1992 Olympic Games. This location offers the perfect balance of tranquility and city life, making it an ideal home in Barcelona. This flat comes fully furnished with modern furniture and is move-in ready. Don’t miss out on this opportunity to live in one of the city’s most sought-after neighborhoods! Price: 2.000€ / month (wifi included, weekly cleaning) + 1 month deposit + 1 month service fee (+21% VAT) ."
107361834,https://img4.idealista.com/blur/480_360_mq/0/id.pro.es.image.master/d7/d9/20/1310691053.webp,LINK,,Eixample,La Dreta de l'Eixample,"$1,600",70,3,1,2,calle del Bruc,41.3977881,2.167236,https://www.idealista.com/inmueble/107361834/,"SEASONAL RENTAL of a cozy furnished and newly decorated apartment with an elegant design. Internally distributed in: -Dining-Living room opening onto a quiet and sunny large courtyard facing south. -Kitchen equipped with all appliances (vitroceramic hob, low oven, hood and combi) as well as kitchenware, crockery and utensils, with a pass-through window to the living room. -1 Full bathroom with shower tray and screen -Closed gallery exterior to the courtyard, where the laundry area with washing machine and gas water heater is located. -1 Master bedroom with access to a balcony facing east. -1 Medium bedroom. -1 Single bedroom Features: Fully furnished Equipped kitchen with kitchenware, crockery and all appliances Interior woodwork in wood and exterior in PVC and reclaimed wood Parquet flooring The apartment is exterior to the street (east facing), and to a large, very quiet and sunny courtyard (south facing) Excellent location between Valencia and Mallorca streets, and close to Avenida Diagonal, in the area known as the Quadrat d'Or, with a wide and varied range of services and communications."
107614473,https://img4.idealista.com/blur/480_360_mq/0/id.pro.es.image.master/4d/10/aa/1317659553.webp,LINK,,Eixample,La Sagrada Família,"$2,100",69,3,1,4,calle de Padilla,41.4078024,2.1763897,https://www.idealista.com/inmueble/107614473/,"AVAILABLE FROM 11 APRIL FOR MONTHLY RENTALS BETWEEN 3- 11 MONTHS! This bright and inviting 3-bedroom apartment, complete with a charming balcony, offers an ideal living space for up to 5 people. Located on the 4th floor of a well-maintained building, the apartment features two double bedrooms and one individual bedroom, providing ample space for various living arrangements. The apartment includes a modern bathroom with all the essentials and a spacious living area, where you can unwind after a busy day exploring Barcelona. The kitchen is fully equipped with everything you need to prepare your meals and enjoy time together. Situated in the highly sought-after Sagrada Familia neighborhood, you’ll be just a short stroll from one of the city’s most iconic landmarks. The apartment is also conveniently located near the Sagrada Familia metro station, providing excellent transport links to the rest of the city. With a wealth of shops, cafes, and restaurants right on your doorstep, this apartment is the perfect base to experience the best of Barcelona. Price: 2.100€ / month + 2 months deposit + 1 month service fee (+21% VAT)."
107824853,https://img4.idealista.com/blur/480_360_mq/0/id.pro.es.image.master/a1/fe/b7/1325095649.webp,LINK,,Ciutat Vella,El Gòtic,"$2,100",95,3,1,1,calle de Ferran,41.3834397,2.1760321,https://www.idealista.com/inmueble/107824853/,"IVOR HOME || Ref. 4490 TEMPORARY RENTAL FROM 2 TO 11 MONTHS Beautiful furnished apartment of 90 m² distributed in 3 bedrooms: 2 double and 1 single. The living room has a square layout, making it spacious and bright due to its orientation. The kitchen is independent and equipped with all appliances. It also has a full bathroom with a bathtub, air conditioning, and heating. It is located in a dynamic area, close to all services, shops, and establishments. 5 minutes from Liceu metro station (L3) and a 4-minute walk from Jaume I metro station (L4). The apartment is very close to Las Ramblas, Via Laietana, and the Gothic Cathedral."
32010138,https://img4.idealista.com/blur/480_360_mq/0/id.pro.es.image.master/79/b9/bc/840224141.webp,LINK,,Ciutat Vella,La Barceloneta,"$1,800",100,3,1,5,"ginebra, 23",41.381863,2.1892039,https://www.idealista.com/inmueble/32010138/,"PLEASE ARRANGE VISITS/INFO BY COMPLETING THE IDEALISTA ""CONTACT"" FORM. Thank you. You can follow us on  and check our clients in their homes Seasonal rental for recreational and holiday purposes. Minimum stay of 32 nights Barcelona Barceloneta rental apartment, restored, 90m2, 4th floor. Exterior. It has 3 bedrooms, living/dining room, separate kitchen and bathroom. Fully furnished and equipped, with washing machine, refrigerator, Internet. With lots of natural light. Public transport, restaurants, bars, supermarket, beach and gym are nearby. PLEASE ARRANGE VISITS/INFO BY COMPLETING THE IDEALISTA ""CONTACT"" FORM. Thank you."
106808741,https://img4.idealista.com/blur/480_360_mq/0/id.pro.es.image.master/06/cb/9d/1295160985.webp,LINK,,Sants-Montjuïc,El Poble Sec - Parc de Montjuïc,"$2,000",75,3,1,8,paseo de Montjuïc,41.3712985,2.1732375,https://www.idealista.com/inmueble/106808741/,"SEASONAL RENTAL. REASON FOR STAY WORK AND/OR STUDIES. Brand new apartment with quality finishes. Ideal for a long stay, it has all the necessary amenities. Totally exterior, very sunny, cozy and with excellent views of the port. Three bedrooms; one double, two single. Bathroom with shower tray and kitchen with access to the terrace. Large, sunny and bright living-dining room with access to the terrace, which has a dining and relaxation area. Individual centralized air conditioning hot/cold. The building has a concierge and elevator."
103022359,https://img4.idealista.com/blur/480_360_mq/0/id.pro.es.image.master/6a/8d/bc/1253580993.webp,LINK,,Eixample,El Fort Pienc,"$1,850",62,3,1,1,calle de la Diputació,41.4001358,2.1812811,https://www.idealista.com/inmueble/103022359/,"Availability August 1, 2025 for 11-month temporary contracts. Excellent apartment with a large terrace near Glories, the Auditorium, and the National Theatre. It has 2 double exterior bedrooms that open onto the terrace and a single bedroom. Spacious living room with access to a small interior patio. Bedrooms with wardrobes, mattresses, and bed bases. Complete bathroom and large terrace to enjoy daily life. The apartment is fully equipped, furnished, and includes appliances, Wi-Fi, bed linen, and towels. In a long-established neighborhood, surrounded by shops, parks, schools, gyms, health centers, etc. Very well connected to the rest of the city by metro and several bus lines. Building with elevator and elevator ramp. Building in perfect condition. Apartment with heating and air conditioning. *** Included in the price: alarm, Wi-Fi, water, boiler maintenance, heat pump maintenance, and terrace maintenance *** 150 euros extra for gas and electricity."
89098848,https://img4.idealista.com/blur/480_360_mq/0/id.pro.es.image.master/05/6b/b4/763216222.webp,LINK,,Sants-Montjuïc,El Poble Sec - Parc de Montjuïc,"$1,850",90,3,1,4,calle de Jaume Fabra,41.3748799,2.1610017,https://www.idealista.com/inmueble/89098848/,"***AVAILABLE IN OCTOBER. *** This spacious 90 m² apartment is perfect for families or groups looking for comfort and convenience. With three double bedrooms, including a master suite with a cozy double bed, this home can accommodate up to six people. The living room features a sofa bed and a dining table, making it an inviting space for relaxation and gatherings. Freshly painted with bright windows in every room, this apartment radiates warmth and light. The fully equipped kitchen is ready for your culinary adventures, while the bathroom offers all the essentials. Enjoy the fresh air on the terrace or balcony, perfect for unwinding after a long day. Located on the fourth floor with easy elevator access, this well-maintained apartment is just a stone's throw from the metro station, ensuring effortless commuting. With built-in wardrobes and efficient heating via electric heat pump, comfort is guaranteed year-round. Don’t miss out on this fantastic opportunity to make this lovely apartment your new home!"
107840660,https://img4.idealista.com/blur/480_360_mq/0/id.pro.es.image.master/3f/fb/e8/1325928748.webp,LINK,,Eixample,L'Antiga Esquerra de l'Eixample,"$1,580",69,3,1,6,calle de València,41.3846257,2.1547987,https://www.idealista.com/inmueble/107840660/,"TEMPORARY RENTAL FROM 32 DAYS TO 11 MONTHS. Proof of the temporary nature of the lease will be required. Available from April 1st. Fantastic property a few meters from Hospital Clinic, 6th real floor with elevator and terrace (large balcony). It has 3 bedrooms (1 double), independent kitchen with gallery and a bathroom. The living room has A/C and the property is furnished and equipped. Flat rate consumption 150€ (water, electricity, gas and wifi). Agency cost 10% of the rent according to the stay, plus VAT."
107932318,https://img4.idealista.com/blur/480_360_mq/0/id.pro.es.image.master/41/59/a6/1328710835.webp,LINK,,Eixample,La Sagrada Família,"$1,650",96,3,1,en,avenida de Gaudí,41.4097945,2.1746169,https://www.idealista.com/inmueble/107932318/,"TRAITS - 2 double rooms and 1 single room - 1 bathroom  - A large community garden - Fully equipped kitchen  - Fully furnished ready to move in  - Close to all amenities  TECHNICAL DATA SHEET  Mezzanine floor height, total surface floor 96 m², useful surface 96 m², single room: 1, double rooms: 2, 1 bathroom, over 50 years old, exterior carpentry (aluminum), interior carpentry (aluminum), kitchen (fully equipped), state of repair: renovated, garden (community), furnished (fully furnished), number of neighbors: 3, floors: parquet flooring, double glazing (soundproofed windows). LOCATION This neighbourhood bears the name of Gaudí's most prestigious monument and of the most visited in Spain, known all over the world. It is a quite quiet residential area, with a structure typical of the Eixample. If you are looking for a quiet and central place, but without being overwhelming, with great artistic and commercial attractions, as well as good communication by public transport this is your ideal neighborhood. WHO WE ARE All4Flat is a Real Estate agency located in Barcelona. Our job is to help in all the necessary steps for the intermediation of real estate. We have an extensive portfolio of products that include both real estate, for purchase or rent. In addition, we offer complementary quality real estate services such as: partial or integral reforms, vertical and/or horizontal administrations, financing solutions, insurance processing and legal and fiscal advice.  We offer professional services guaranteeing the quality and integrity of our service to obtain the success of the company."
88194749,https://img4.idealista.com/blur/480_360_mq/0/id.pro.es.image.master/e3/61/3b/741045415.webp,LINK,,Ciutat Vella,Sant Pere - Santa Caterina i la Ribera,"$1,680",70,3,1,3,Argenter,41.3894257,2.177748,https://www.idealista.com/inmueble/88194749/,**TEMPORARY CONTRACT** 3-bedroom apartment in the city center next to the Palau de la Música. It has 2 double bedrooms and one single bedroom. Furnished and equipped. Large and bright living-dining room. Balcony and accessible communal terrace. Equipped kitchen. Bathroom with shower tray. Ideal for students or to share. Real estate agents registry: AICAT: 7277 Large Landlord: NO Last contract: Not applicable **temporary contract** Rent Index: Not applicable **temporary contract. **.
33198967,https://img4.idealista.com/blur/480_360_mq/0/id.pro.es.image.master/5a/b2/73/1334223880.webp,LINK,,Ciutat Vella,El Gòtic,"$1,345",75,3,1,1,Neighbourhood: El Gòtic,41.3790951,2.1735306,https://www.idealista.com/inmueble/33198967/,"IMPORTANT: THIS APARTMENT IS EXCLUSIVELY FOR TEMPORARY STAYS IN BARCELONA, WITH A MINIMUM STAY OF 32 DAYS AND A MAXIMUM OF 11 MONTHS. PLEASE NOTE THAT FOR BOOKINGS UNDER 6 MONTHS, THE PRICE MAY VARY. THIS ACCOMMODATION IS IDEAL IF YOU ARE COMING TO BARCELONA FOR TEMPORARY REASONS SUCH AS STUDIES, WORK, OR SHORT-TERM PERSONAL PROJECTS. YOU WILL NEED TO PROVIDE DOCUMENTATION THAT PROVES THE TEMPORARY NATURE OF YOUR STAY. This three-bedroom apartment is located in an excellent spot in the center of Barcelona, close to the famous Ramblas and within walking distance of the Gothic Quarter. Surrounded by bars and shops, it’s an ideal spot to enjoy the charming city atmosphere. The living room, bright and with a comfortable sofa, is perfect for relaxing after a long day and features satellite TV. Throughout the apartment, the typical Barcelona tile flooring is preserved, adding an authentic touch to the space. The kitchen is equipped with the essentials for simple and practical meal preparation. Each bedroom has two single beds, and the apartment includes a functional bathroom with a shower. Thanks to its central location, this space also features air conditioning and heating to ensure a comfortable stay year-round. Metro station: Liceu (L3). IMPORTANT TO NOTE: The property is for sale. Therefore, access must be granted for commercial viewings coordinated by customer service, at times previously agreed upon with the tenant. BEFORE BOOKING: We recommend visiting the apartment so that you can appreciate it in person. Although the dimensions are clearly indicated in the ad, the photos were taken with a wide-angle lens to better showcase the space, which may make it appear larger. Additionally, please note that the apartment has been enjoyed by several guests, so it may show some signs of normal wear and tear over time."
88336643,https://img4.idealista.com/blur/480_360_mq/0/id.pro.es.image.master/d3/e6/4f/751174991.webp,LINK,,Ciutat Vella,La Barceloneta,"$1,599",68,3,1,2,calle de Pepe Rubianes,41.3800089,2.191904,https://www.idealista.com/inmueble/88336643/,Only students.
107835852,https://img4.idealista.com/blur/480_360_mq/0/id.pro.es.image.master/92/c9/01/1330521501.webp,LINK,,Horta Guinardó,El Baix Guinardó,"$1,700",83,3,1,5,Neighbourhood: El Baix Guinardó,41.4100344,2.163262,https://www.idealista.com/inmueble/107835852/,"VERY BRIGHT APARTMENT WITH BALCONY of approximately 83m². 5th real floor with elevator. Distributed in 3 bedrooms (1 DOUBLE and 2 SINGLE), bright living-dining room with access to the balcony, open kitchen, bathroom with shower. The apartment is in perfect condition, with high-quality finishes and furnished. Building built in 1971. 11-month lease agreement. 2 months' deposit required. Income verification required to access the property. COMMUNICATIONS: Buses: 114, 117, 24, D40, 55, 39, H6, N6 Metro: Alfons X L4 NEARBY SERVICES: Primary Schools: Escola Parc del Guinardó, Escola del Mar, Escola Arc Iris. Secondary Schools: CE AbatOliba – Spínola, Inst Joan Brossa, Inst Francisco de Goya. Supermarkets: Mercat de Guinardó, Condis, Consum, Clarel, Día. Green areas: Parc del Guinardó, Parc de les Aigües. Hospitals: CAP Guinardó, Hospital de Sant Pau. Others: Guinardó Municipal Library, Guinardó Municipal Sports Center, Ronda del Mig, Ronda de Dalt, Rovira Tunnel. Others: Guinardó Municipal Library, Guinardó Municipal Sports Center, Ronda del Mig, Ronda de Dalt, Rovira Tunnel."
32883329,https://img4.idealista.com/blur/480_360_mq/0/id.pro.es.image.master/19/3e/c6/1324328697.webp,LINK,,Eixample,La Sagrada Família,"$1,490",80,3,1,3,calle de sardenya,41.4016601,2.1741251,https://www.idealista.com/inmueble/32883329/,"Discover your new home in the heart of Barcelona! This fantastic apartment in a regal building, available for temporary rental of up to 11 months, is ideal for a minimum stay of 6 months. It offers a unique experience near the emblematic Sagrada Familia. With a privileged location in a quiet area, you will enjoy the convenience of having all services at your fingertips and excellent communication thanks to nearby metro and bus stops. The apartment has 80 m² built and 75 m² usable, distributed in three bedrooms, a cozy living-dining room and an equipped kitchen ready for you to add your personal touch. The bathroom, modern and functional, has a shower for your comfort. In addition, you can relax on the balcony overlooking the Sagrada Familia, a perfect place to enjoy the Mediterranean climate. The property is located on the third floor of a building with an elevator and has natural gas heating, ensuring your comfort throughout the year. The south and east orientation guarantees natural light throughout the day. It is ideal for those seeking a cozy home in one of the best areas of Barcelona. Don't miss the opportunity to visit it!"
107857622,https://img4.idealista.com/blur/480_360_mq/0/id.pro.es.image.master/c9/c9/88/1326401953.webp,LINK,,Sants-Montjuïc,El Poble Sec - Parc de Montjuïc,"$1,600",82,3,1,4,calle de Jaume Fabra,41.3726438,2.1609165,https://www.idealista.com/inmueble/107857622/,"AVAILABLE MAY 26th **TEMPORARY CONTRACT** IDEAL FOR STUDENTS! Discover your new home in the charming Poble Sec neighborhood! This beautiful 89 m² apartment is the perfect place to enjoy life in Barcelona. With three double bedrooms, a spacious bright living room, and a full bathroom, this space is designed to offer you comfort and functionality. The independent kitchen will allow you to unleash your culinary skills, while the laundry room adds a practical touch to your day-to-day life. Located just 10 minutes from Plaza España and 2 minutes from Av. del Paralelo, you will have access to a wide variety of services and transport. In addition, the building has an elevator and air conditioning, ensuring that your home is a pleasant refuge throughout the year. Ideal for students or professionals, this furnished and equipped apartment awaits you to begin a new stage in the city. Don't miss this opportunity and come visit it! Large Fork: NO Last contract: (Not applicable for temporary contract) Rental price according to reference index: (Not applicable for temporary contract) Price: 1600."
108059692,https://img4.idealista.com/blur/480_360_mq/0/id.pro.es.image.master/d5/99/89/1332609859.webp,LINK,,Eixample,La Sagrada Família,"$1,590",85,3,1,8,Neighbourhood: La Sagrada Família,41.40566,2.1758202,https://www.idealista.com/inmueble/108059692/,"85 m² apartment on an 8th floor with 2 south-facing balconies overlooking the Sagrada Familia! SEASONAL RENTAL! The apartment is distributed in 3 bedrooms, living-dining room, bathroom, fully equipped independent kitchen and a gallery used as a laundry room. The location is ideal as it is surrounded by essential shops for daily life such as supermarkets, restaurants, Bicing (bike sharing), pharmacies, etc. It is three streets from the Sagrada Familia, connected by metro lines 2 and 5, bus stops and more. Contact us to arrange a visit!"
107217721,https://img4.idealista.com/blur/480_360_mq/0/id.pro.es.image.master/b5/bd/4a/1306470600.webp,LINK,,Sants-Montjuïc,El Poble Sec - Parc de Montjuïc,"$2,000",60,3,1,en,Neighbourhood: El Poble Sec - Parc de Montjuïc,41.3723832,2.1609469,https://www.idealista.com/inmueble/107217721/,"In one of the most current and alternative areas of the city, in Poble Sec, next to Sant Antoni and Avenida Paral·lel, a trendy and lively neighborhood full of shops, bars, and restaurants, and its emblematic market just a step away, in addition to an unbeatable combination of public transport around it, we find this cozy fully furnished apartment ready to move into. With a quality and tasteful renovation, this home preserves original restored ceilings typical of the city of Barcelona. It consists of 60 m2, a cozy living room, an impeccable kitchen with a dining area, three bedrooms, two single and one double sharing a full bathroom. The apartment is in perfect condition, totally renovated, has kitchenware and bed linen, heating, air conditioning, supplies included up to a monthly limit, Wi-Fi connection, and weekly cleaning. Access 365 days a year to a Coworking space with a terrace located in a building near Monumental where monthly events are also held. Temporary rental: Yes Price of last contract: Index not applicable Large landlord condition: Yes Community and IBI fees: included Cost of supplies: included in the price, maximum €100 per month."
29540958,https://img4.idealista.com/blur/480_360_mq/0/id.pro.es.image.master/e3/f1/54/87574667.webp,LINK,,Ciutat Vella,La Barceloneta,"$1,050",70,3,1,5,"calle del Mar, 45",41.3791283,2.1882395,https://www.idealista.com/inmueble/29540958/,"Restored rental apartment, 5th floor, 70m2 in Barceloneta. Exterior. It has 3 bedrooms, living / dining room, separate kitchen, bathroom and laundry room. Unfurnished, with washing machine, refrigerator, heating. With lots of natural light. Public transport, restaurants, bars, supermarket, beach and gym are nearby. Seasonal rental for recreational and vacation purposes. Minimum stay 32 nights."
107950705,https://img4.idealista.com/blur/480_360_mq/0/id.pro.es.image.master/67/cb/57/1329257769.webp,LINK,,Gràcia,Vila de Gràcia,"$1,500",75,3,1,bj,calle de Francisco Giner,41.3981866,2.1604803,https://www.idealista.com/inmueble/107950705/,"TEMPORARY CONTRACT. PROOF OF TEMPORARY NATURE REQUIRED. Apartment ready to move into on Francisco Giner street with 3 bedrooms (2 double), living-dining room, independent kitchen with access to a large 20m2 patio and a full bathroom. The apartment is fully furnished and equipped."
90732234,https://img4.idealista.com/blur/480_360_mq/0/id.pro.es.image.master/8a/4b/a9/797228487.webp,LINK,,Gràcia,El Camp d'En Grassot i Gràcia Nova,"$1,200",60,3,1,en,Neighbourhood: El Camp d'En Grassot i Gràcia Nova,41.4071025,2.1654457,https://www.idealista.com/inmueble/90732234/,"CONTACT VIA WHATSAPP ONLY 6 82 19 37 30  *We give a priority service by WhatsApp  To take candidates into consideration, and to be able to visit the property, it will be essential that the client proves the temporality of his need, with a start and end date, through certification from the contracting company, proof of studies or equivalent documentation. Applications that do not prove the temporary need for the property will not be taken into consideration.  AVAILABLE May 15th. great option for students! Nice 3 bedroom apartment (1 double, 2 singles) recently renovated bathroom! Completely furnished and equipped. Independent kitchen. Balcony. Exterior floor. Building with elevator. Located in Gracia, near the Joanic subway, the travesera de gracia etc. send WhatsApp to 6 82 19 37 30 to coordinate a visit. * for stays of less than 6 months please consult price."
107013981,https://img4.idealista.com/blur/480_360_mq/0/id.pro.es.image.master/b4/4b/84/1300411385.webp,LINK,,Sants-Montjuïc,El Poble Sec - Parc de Montjuïc,$850,47,3,1,1,Neighbourhood: El Poble Sec - Parc de Montjuïc,41.3708526,2.1638687,https://www.idealista.com/inmueble/107013981/,"TEMPORARY RENTAL: STUDENTS. Bright apartment located in the Poble Sec neighborhood, within the Sants-Montjuïc district. It has 3 bedrooms, independent kitchen, dining room, living room, full bathroom and 2 balconies. This area of Barcelona has a very lively atmosphere and has all kinds of essential services: supermarkets, local shops, restaurants of all kinds and bars with terraces. It is very close to points of great interest such as Plaça Espanya or Avinguda del Paral·lel. To reach any point of the city, there is the Paral·lel metro station (L2 and L3). - Pets are not allowed. REQUIREMENTS: PROVIDE REASONS FOR TEMPORARY STAY: For professional or study reasons. FINANCIAL SOLVENCY AND PAYSLIP WITH SPANISH CONTRACT REQUIRED. MINIMUM 2 PEOPLE. Contact: Preferably by e-mail. NO PHONE CALLS."
86697253,https://img4.idealista.com/blur/480_360_mq/0/id.pro.es.image.master/2b/2c/f6/713562628.webp,LINK,,Eixample,La Nova Esquerra de l'Eixample,"$1,995",75,3,2,4,calle d'Entença,41.3784113,2.1495507,https://www.idealista.com/inmueble/86697253/,"Reference: I12078-1 MONTHLY RENTAL FROM 32 DAYS UP TO 11 MONTHS. AVAILABLE FROM July 5, 2025. MONTHLY RENTAL Newly renovated flat with excellent quality finishes and equipped with designer furniture, located in an impressive building with a lift and large entrance hall. It is available to rent for periods of up to 12 months, in the centre of the Eixample district in Barcelona, one of the most sought-after areas of the Catalan capital. The property consists of three bedrooms, a double with a dressing room and two singles with desks, the kitchen equipped with appliances and a central island. It has two modern bathrooms, a bright living room and large furnished balcony the perfect spot for relaxing. The internet connection is included in the rental price. This is an ideal flat for a family, businessmen and students, the location is in the centre of one of the most dynamic neighbourhoods of Barcelona, between Plaza Catalunya and Plaza de España, close to prestigious universities, business schools and surrounded by symbolic monuments, shops and all kinds of services.  This district is where the boom of modernism was most reflected with buildings such as Casa Batlló and Casa Milá, better known as La Pedrera. The building is located between the subway stations Tarragona, L3 and Rocafort, L1. Please contact us with any queries or to arrange a visit. '."
108116699,https://img4.idealista.com/blur/480_360_mq/0/id.pro.es.image.master/9c/bd/85/1334337085.webp,LINK,,Sants-Montjuïc,El Poble Sec - Parc de Montjuïc,"$1,895",87,3,2,2,calle del Poeta Cabanyes,41.3722029,2.1651277,https://www.idealista.com/inmueble/108116699/,"SEASONAL RENTAL FROM 32 DAYS TO 11 MONTHS APARTMENT AVAILABLE NOW WIFI IS INCLUDED IN THE RENT This apartment is located at Carrer del Poeta Cabanyes, 08004, Barcelona, Barcelona, situated in the Sants Montjuic district, on the 2nd floor. It is an apartment that has 87 m2 of which 82 m2 are usable and has 3 bedrooms and 2 bathrooms. This bright apartment is located on Carrer Poeta Cabanyes, in the Poble Sec neighborhood of Barcelona. Situated on the second floor, it has a surface area of 84 m² and offers an ideal space for both living and working. The apartment has 3 double bedrooms and an independent office, making it an excellent option for those who need to combine rest and productivity. Two of the bedrooms are equipped with a desk, ideal for remote work or study. All bedrooms have double beds and wardrobes, ensuring a comfortable stay. Among its features are air conditioning, individual heating, and it is delivered fully furnished and equipped. The common area offers a cozy living room with a sofa, armchairs, a large TV, and an open, spacious kitchen fully equipped with modern appliances: refrigerator, oven, ceramic hob, washing machine, etc. The apartment is located in the charming Poble-sec neighborhood, known for its cultural atmosphere, theaters, charming bars, and proximity to Montjuïc mountain. Just a few steps away you will find Plaça Espanya, one of the main transport hubs of the city, with metro, commuter trains, and multiple bus lines. You will also be close to green spaces like Parc de Montjuïc and pedestrian areas with a vibrant life. Booking conditions:  -2 months deposit  -agency fees."
90853136,https://img4.idealista.com/blur/480_360_mq/0/id.pro.es.image.master/f8/d4/d6/800122061.webp,LINK,,Eixample,La Sagrada Família,"$1,982",100,3,2,bj,calle d'Aragó,41.4026095,2.1778604,https://www.idealista.com/inmueble/90853136/,"IMPORTANT:  * Minimum stay 8 months maximum 11 months  * bills charged separately € 300 (includes wifi)  * deposit 2 months  * cleaning at the end of the stay € 300 (by the company in charge)  * Agency commission (10% monthly rent plus vat)  Monthly total € 1,981. 50."
102750877,https://img4.idealista.com/blur/480_360_mq/0/id.pro.es.image.master/11/e2/89/1334388277.webp,LINK,,Sant Martí,El Camp de l'Arpa del Clot,"$1,350",85,3,2,7,Neighbourhood: El Camp de l'Arpa del Clot,41.4089748,2.1840919,https://www.idealista.com/inmueble/102750877/,"Excellent condition 85 m² penthouse with a 29 m² terrace, 3 bedrooms (1 double and 2 single), spacious living-dining room, 1 bathroom and 1 toilet, laundry room, parquet floors, sunny, exterior, fully furnished except for the master bedroom, equipped with air conditioning (2 splits) and appliances, building with elevator. Property is not a large landlord. Previous updated rent 1,357. 56€. If you are interested in visiting, contact through Idealista and you will receive an email to fill in your details and schedule an appointment. NO PHONE CALLS WILL BE ATTENDED DUE TO HIGH DEMAND. Thank you!"
81461619,https://img4.idealista.com/blur/480_360_mq/0/id.pro.es.image.master/02/9e/d1/705010384.webp,LINK,,Eixample,La Nova Esquerra de l'Eixample,"$1,875",100,3,2,2,calle d'Entença,41.3834454,2.1437188,https://www.idealista.com/inmueble/81461619/,"Reference: T225-5 MONTHLY RENTAL FROM 32 DAYS UP TO 11 MONTHS. AVAILABLE FROM July 5, 2025. MONTHLY RENTAL Charming apartment for rent from 1 to 11 months in Eixample district in Barcelona. This flat is ideal for sharing and ready to live in, it has three double bedrooms, a large bathroom, dining room and living room well-furnished with two comfortable sofas. Featuring a completely equipped independent kitchen with dishwasher, oven, microwave and coffee machine perfect for a nice breakfast. It also has air conditioner and heating.   The Eixample district offers a variety of cultural activities and leisures, as well as different places to visit as the majestic Sagrada Familia. Few minutes away you'll find the world-famous Passeig de Gràcia and its exclusive shops. The flat is also within easy reach of the Sants train station and Montserrat Gardens. This district has all facilities and is very well connected to the rest of the city by bus and metro. The closest metro station is Entença L5. '."
106614509,https://img4.idealista.com/blur/480_360_mq/0/id.pro.es.image.master/21/ff/40/1291777817.webp,LINK,,Eixample,La Sagrada Família,"$1,800",83,3,2,4,calle de la Marina,41.4063574,2.1743645,https://www.idealista.com/inmueble/106614509/,"Apartment for seasonal rent next to the Sagrada Família. Exceptional location, you can live next to one of the most famous buildings in the world. On Marina street next to Gaudí Avenue. Fully furnished and equipped. It has an area of 83 sqm (74 smq usable). With three double bedrooms of 10.50, 9 and 7 sqm respectively. Office or dressing room of 5.50 smq. Living room of 26 smq. Balcony of 5 smq with views of Gaudí square. Kitchen of 5 smq with washing machine, refrigerator, oven and microwave. Laundry room of 2 smq. Bathroom of 3 sqm with bathtub. Auxiliary toilet of 2 smq. Natural gas boiler. Air conditioning (cold). Stoneware floors. Aluminum and wood windows. Reinforced door. Services ready to run. Fourth floor with elevator. Property built in 1970, with three residents per floor. Perfectly connected: less than a minute walk from the “Sagrada Família” subway station (lines L2 and L5) and a few steps from the entrance of the building. Also very close to the buses that run along Mallorca street towards the city centre (lines D50, H10, 19, 33 and 34). On Gaudí Avenue there is a wide variety of shops: supermarkets, shops, basic services, restaurants.. . Energy rating label: F. Conditions: Two-month deposit. Solvency required, demonstrable by payroll or income. Ref. L-0441 Reference index for rental prices of homes: Lower area 12.10 €/sqm - Medium 13.49 €/smq - Upper area 17.10 €/smq (Data provided by the Generalitat de Catalunya for information purposes only)."
107952344,https://img4.idealista.com/blur/480_360_mq/0/id.pro.es.image.master/60/62/88/1331548428.webp,LINK,,Ciutat Vella,Sant Pere - Santa Caterina i la Ribera,"$1,790",85,3,2,1,avenida de Francesc Cambó,41.386651,2.1791063,https://www.idealista.com/inmueble/107952344/,"Very bright three-bedroom flat in Born This bright and friendly flat will be a perfect match for those who are looking for a sunny and quiet property in the centre of Barcelona. It has no original period features, but it definitely compensates by the practical and very comfortable layout and benefits. Its three bedrooms are spacious, the flat is renovated and in a very good contidion. The building has a vintage hotel look and it has its appeal, there are two lifts and a consierge. Care-free and stress-free living in the centre of the city in a quiet place is guaranteed. Why we like this property: - lots of natural light and direct afternoon sun - comfortable - tree complete bedrooms - one of the best locations in town - Wi-Fi included - Provision of funds of €250/ month - Alarm €49/ month optional - 2 elevators - Concierge 8 hours per day from Monday to Friday Parking on the same property (Optional) 145 euros + VAT/month for cars, 56 euros + VAT/month for motorcycles Wonderful location in the centre of Barcelona. Only some steps from the Cathedral and Santa Caterina market. In the área you will find everything for a comfortable life: supermarkets, schools, medical centres, shops. Excellent transport system with metro and bus lines. Only some minutes to the beaches."
108088570,https://img4.idealista.com/blur/480_360_mq/0/id.pro.es.image.master/b1/fe/75/1333467800.webp,LINK,,Eixample,L'Antiga Esquerra de l'Eixample,"$2,000",83,3,2,4,calle del Comte Borrell,41.3916657,2.147092,https://www.idealista.com/inmueble/108088570/,"FURNISHED FLAT FOR RENT, 3 BEDROOMS IMMEDIATE AVAILABILITY Just a few steps from Josep Tarradellas, Avinguda Diagonal, El Corte Inglés, and the Tram, excellently connected and surrounded by shops and green areas, we find this 83 m² flat, fully renovated in 2023, now available and ideal for students. This property consists of three bedrooms: one exterior double and two interior junior rooms, plus two full bathrooms. The living-dining room is very bright, as it opens onto a lovely and peaceful balcony overlooking a typical Eixample inner courtyard with morning sunlight. The fully equipped kitchen has access to a utility area where the washing machine is located. This flat was fully renovated in 2023, features parquet floors, and has hot/cold air conditioning units in every room. It is ready to move into. A perfect home for students due to its location! Don’t hesitate to schedule a viewing! The actual furniture may not exactly match the photos shown in this listing.  Contact us to see more similar properties. * In compliance with Law 12/2023 and Law 18/2007, we inform that Index of R. P. LL: 13,87 € / m2 State reference price 1.278, 00 € Rent of the last lease contract: 1.900, 00 € Este propietario ostenta la condición de gran tenedor."
108088529,https://img4.idealista.com/blur/480_360_mq/0/id.pro.es.image.master/8d/c7/84/1333465962.webp,LINK,,Eixample,L'Antiga Esquerra de l'Eixample,"$1,900",105,3,2,2,Neighbourhood: L'Antiga Esquerra de l'Eixample,41.3841151,2.1613034,https://www.idealista.com/inmueble/108088529/,"Spacious three-bedroom apartment with balcony, available for temporary rent. Spacious and comfortable 105 m² apartment available for temporary rent, ideal for those looking for quality accommodation. The property features three bedrooms: two doubles and one single, perfect for families or shared living. There are two full bathrooms, one with a shower and the other with a bathtub, offering both practicality and comfort. The entire apartment is equipped with split air conditioning units (hot/cold) in all rooms, ensuring year-round climate control. The kitchen comes fully equipped with all necessary appliances and is ready to move in. The living room is large and bright, with direct access to a pleasant balcony – perfect for enjoying the outdoors from the comfort of home. Rental terms: Temporary contract of 11 months with justification required. This property is located in the heart of the Eixample Esquerra district that combines its residential function with the best entertainment, culture and commerce (cinemas, restaurants, museums, University of Barcelona and a diversity of retail stores). Just a few minutes away pleasant walk from Plaça Universitat, Plaça Catalunya and Passeig de Gracia, and on the other sense Plaça Espanya, the nerve center of the city with excellent transport links."
108040996,https://img4.idealista.com/blur/480_360_mq/0/id.pro.es.image.master/24/84/77/1332032742.webp,LINK,,Ciutat Vella,El Gòtic,"$1,790",80,3,2,4,calle d'en Serra,41.3785847,2.1798553,https://www.idealista.com/inmueble/108040996/,"SEASONAL RENTAL – Bright, spacious and quiet apartment in the heart of the city. This cozy and quiet fully furnished apartment is ideal for enjoying a comfortable and worry-free stay. It has three spacious double bedrooms, a large fully equipped kitchen and elevator access, all designed for maximum comfort. Located just a 5-minute walk from La Rambla and 15 minutes from the beach, it is perfectly connected to the main points of interest. It is located just two blocks from the exclusive Soho House and surrounded by some of the best bars, cafes and restaurants in the city. The building is secure and the apartment has an alarm system, guaranteeing a peaceful and protected stay. Ideal for those seeking a combination of comfort, location and style. *In compliance with Law 12/2023, Law 18/2007 and Decree-Law 01/2025, we inform you that: Last contract price: €1,950 Large landlord condition: No State Reference System for Housing Rental Prices: €1,232. 67 Contract type: seasonal rental (use other than housing) Community fees and I. B. I. : included Utilities cost: not included in the price."
108035244,https://img4.idealista.com/blur/480_360_mq/0/id.pro.es.image.master/c9/96/cd/1334238935.webp,LINK,,Ciutat Vella,El Gòtic,"$1,700",92,3,2,2,calle Ample,41.3823999,2.1797855,https://www.idealista.com/inmueble/108035244/,"Seasonal Rental (6 - 11 months) We present this charming and bright apartment located in the heart of the city—ideal for couples or individuals who value comfort, style, and a prime location. Perfect for those looking for a cozy and well-designed place to live. The apartment has been fully renovated and comes furnished and tastefully decorated. Every detail has been carefully chosen to create a warm and welcoming atmosphere. The property includes two double bedrooms, providing the comfort and peace needed after a long day. It also features a single bedroom, maintaining the same unique style and coziness found throughout the apartment. The living room is filled with natural light from the balcony and offers a modern design with stylish furniture that ensures a pleasant stay. The kitchen is fully equipped with all necessary appliances and provides the perfect space for both cooking and relaxing. Its central location gives you easy access to a wide range of services, shops, restaurants, and entertainment options—all just a short walk away. Utilities: ownership transfer required by the tenant. 2-month deposit required. *Management fees not included in the price."
108109243,https://img4.idealista.com/blur/480_360_mq/0/id.pro.es.image.master/b8/23/42/1334100627.webp,LINK,,Sant Martí,La Vila Olímpica del Poblenou,"$1,973",124,3,2,5,Neighbourhood: La Vila Olímpica del Poblenou,41.392229,2.1954622,https://www.idealista.com/inmueble/108109243/,"Beautiful and unique duplex penthouse in Vila Olímpica, just 100 meters from the Olympic Port and Nova Icaria Beach, next to the shopping center, and with all public transport services (metro, bus and tram). This property has 3 bedrooms, 2 of them double (the main one with built-in wardrobes), a large multi-purpose space, 2 fully renovated bathrooms, a renovated kitchen equipped with appliances and a spacious living room with spectacular views. It has parquet floors, Climalit double-glazed windows, gas heating and air conditioning in the living room and 2 bedrooms. The price includes a parking space. The building has a magnificent communal garden area with a small children's playground. It is located just a 6-minute walk from Rambla de Poblenou. Available from June 18th. Visits by appointment. Ideal for executives of multinational companies located in the 22@ technology district. In compliance with Law 12/2023, Law 18/2007 and Decree-Law 1/2025, we inform you that: State reference price: €2,237. 58 Rent from the last contract: €1,850 [IW]."
101564863,https://img4.idealista.com/blur/480_360_mq/0/id.pro.es.image.master/e2/d2/bd/1126292133.webp,LINK,,Eixample,L'Antiga Esquerra de l'Eixample,"$1,900",98,3,2,1,calle de Casanova,41.3866724,2.1552346,https://www.idealista.com/inmueble/101564863/,"RENTAL APARTMENT, 3 BEDROOMS, FURNISHED Available from 10/06/25. Fully renovated 98 m² apartment on Casanova Street with Mallorca, very well connected, near Mercat del Ninot and Hospital Clínic, with all types of public transport available: Metro Clínic (L5), FGC Provença, and several bus lines. It has three bedrooms: two interior single rooms, one with a wardrobe, and an exterior master bedroom with wardrobes and plenty of natural light. There are also two full bathrooms with showers, one of them en-suite. The living-dining area is very spacious and bright, with large double-glazed windows facing Casanova Street. The open kitchen is fully equipped with all appliances, including a dishwasher, and leads to a laundry area with a washing machine and a small outdoor patio. Parquet flooring, air conditioning, and ducted heating. The building has an elevator and concierge service.    Contact us to see more similar properties. * In compliance with Law 12/2023 and Law 18/2007, we inform that Index of R. P. LL: 15,30 € / m2 State reference price 1.216, 00 € Rent of the last lease contract: 1.900, 00 €."
107889989,https://img4.idealista.com/blur/480_360_mq/0/id.pro.es.image.master/64/a1/6c/1327410588.webp,LINK,,Ciutat Vella,El Raval,"$1,800",107,3,2,3,Neighbourhood: El Raval,41.3795427,2.1739016,https://www.idealista.com/inmueble/107889989/,"Ideal apartment to share 3 double rooms on La Rambla Nice 107m2 apartment temporary rental flat, consisting of a large living-dining room with access to a balcony with views of La Rambla, it has 3 double rooms in total and 2 full bathrooms with a shower. The fully equipped kitchen (vitro, oven, microwave, washing machine and refrigerator) Completely furnished, all electric, the price includes supplies (water, electricity and WIFI) + 2 weekly cleanings in the common areas. Ideal for students or to share. Available now, minimum stay 2 months. Security camera on the property, There is no elevator. The historic center of Barcelona is a dynamic area full of shops, services, restaurants and trendy bars. We find Las Ramblas, one of the most emblematic streets in the city, full of activity and joy. with the Boquería market and its proximity to the port of Barcelona, the beach and full combination of public transport around it."
107931395,https://img4.idealista.com/blur/480_360_mq/0/id.pro.es.image.master/f2/4d/56/1328685640.webp,LINK,,Ciutat Vella,El Gòtic,"$1,552",129,3,2,2,calle dels Capellans,41.3856431,2.1755615,https://www.idealista.com/inmueble/107931395/,"Reference: 231LEP2PAC22 Apartment for rent in the Gothic Quarter (Ciutat Vella) of Barcelona. This semi-furnished apartment is completely exterior and measures 129 m², enjoying natural light throughout the day. The property is equipped with parquet flooring and ducted air conditioning (with heat pump) throughout. The property features a living-dining room with access to a balcony. The kitchen is separate. The property has three double bedrooms and two full bathrooms with showers and bathtubs. There is also another space adjacent to one of the bedrooms that can be used as a study or dressing room. The building has an elevator. Good public transport links. Just a few meters from the Jaume I metro station (Line 4) and Urquinaona metro stations (Line 1 and Line 4). Bus lines V15, V47, and V17 are available. Spanish State Index: €1,814. 25/month Situation last 5 years: rented Last rental price: €1,508. 58/month Energy certificate in process Owner is a large holder.  Update of income according to IRAV The property management fees and contract formalization will be borne by the owner. A minimum three-month deposit is required as a security for the contract. The contract term is five years. Should the tenant decide not to comply with the agreed term, the owner will be charged compensation equivalent to one month's rent. Find your new home with ShBarcelona. Contact us today for more information and to arrange a viewing or book online. '."
107769792,https://img4.idealista.com/blur/480_360_mq/0/id.pro.es.image.master/8c/c2/12/1323279267.webp,LINK,,Ciutat Vella,El Gòtic,"$1,995",89,3,2,1,Passatge dels Escudellers,41.3780178,2.1758321,https://www.idealista.com/inmueble/107769792/,"Reference: I20143-4 MONTHLY RENTAL FROM 32 DAYS UP TO 11 MONTHS. AVAILABLE FROM June 28, 2025. MONTHLY RENTAL ShBarcelona presents this fully furnished and equipped property in a building with an elevator. It has 89 m², comprising three spacious double bedrooms, two full bathrooms with showers, a separate kitchen, and a living-dining room with access to a balcony. It also includes fiber optic internet, a washing machine, and other amenities. The Ciutat Vella district is one of the city's most vibrant and is located right in the center. Here you'll have access to a wide variety of services. Very close to the property, you'll find supermarkets, bars, cafes, restaurants, gyms, parks, and much more. The closest public transport stops are Liceu and Drassanes (L3). If you would like more information about the property and our services, please contact ShBarcelona. '."
107851761,https://img4.idealista.com/blur/480_360_mq/0/id.pro.es.image.master/ed/4e/ae/1327886136.webp,LINK,,Ciutat Vella,El Raval,"$1,500",82,3,2,2,calle de Guàrdia,41.3782101,2.1718109,https://www.idealista.com/inmueble/107851761/,"FANTASTIC TEMPORARY RENTAL OPPORTUNITY IN THE GOTHIC QUARTER. FROM 2 TO 11 MONTHS. CONTRACT WILL NOT BE RENEWED. Cozy apartment with many possibilities in the area and a short distance from Avenida Parallel and Barceloneta beach. Totally exterior renovated apartment of 80 m2, distributed in 3 double bedrooms, 2 bathrooms with shower, and balcony. Located near Las Ramblas and Pg de Colom. And also a few meters from the Barcelona Aquarium, Maritime Museum and Rambla del Mar, among others. The location is unbeatable, with a wide variety of supermarkets, cafes and all kinds of services a short walk away. In addition, it is very well connected by public transport with the rest of the city. The nearest metro is the green line L3 (Paral·lel and Drassanes) and the purple line L2 (Paral·lel). There are also bus stops nearby 59, 120, V13, among others. Details: TV, Wardrobes, heating and air conditioning throughout the house, refrigerator, vitroceramic hob, washing machine, extractor hood, microwave, no oven. Building with elevator. Furnished and equipped. WIFI included. NOTES: Rent from 2 to 11 months: Monthly rental price €1,500. Community fees, insurance and IBI are included in the rent. Agency fees, ITP, and water and electricity consumption are not included (provision of €200/month)."
104570661,https://img4.idealista.com/blur/480_360_mq/0/id.pro.es.image.master/ed/84/16/1224727222.webp,LINK,,Ciutat Vella,El Raval,"$1,690",125,3,2,en,"calle de Joaquín Costa, 10",41.3815089,2.1670328,https://www.idealista.com/inmueble/104570661/,"Apartment for temporary rent (from 32 days to 11 months) Available from May 3rd 2025 Located in a very central area of Barcelona, a few blocks from the Ramblas we find this spacious apartment of 124 m2, which has been completely renovated. The living room is spacious and very comfortable. The modern touch that contrasts with the typical Barcelona hydraulic floor, contemplates an atmosphere full of details and good taste. The kitchen is an independent space that even has a practical dining room, it is fully equipped with all utensils, crockery and appliances needed to cook at home such as gas stove, oven, microwave, refrigerator, dishwasher, coffee maker and toaster. From here you have access to the laundry room and then to the spacious private terrace where you can relax and unwind from the day. The sleeping area has 3 comfortable double bedrooms with closet. The first room is very bright, thanks to the beautiful arched window that stands out in the space, it is also perfect for bathing the desk in light. Another room also has a desk and a gallery leading to the terrace. Finally, a fourth room equipped as an office, is the ideal place to study or work. The bedrooms share a full bathroom with shower and a toilet located in the gallery. The apartment has wifi. The neighborhood: Located in Carrer de Joaquín de Costa, right in the historic center of the city. The apartment is located in a strategic area, as important urban landmarks and tourist attractions such as Plaza Universitat, Plaza de Catalunya and the Museum of Contemporary Art of Barcelona, are located a few minutes walk away. The area is surrounded by narrow streets and small squares that are conveniently located to sit and enjoy a snack. A few meters away is also the neighborhood of Sant Antoni, which has a quiet and residential atmosphere, fully supplied with all services, stores and supermarkets. The nearest station is ""Sant Antoni"" (L2), 5 minutes from the apartment."
34298170,https://img4.idealista.com/blur/480_360_mq/0/id.pro.es.image.master/78/cb/11/162206408.webp,LINK,,Eixample,L'Antiga Esquerra de l'Eixample,"$2,100",110,3,2,3,calle d'aribau,41.3866343,2.1640049,https://www.idealista.com/inmueble/34298170/,"AVAILABLE APRIL 16th. TEMPORARY RENTAL. Spacious, renovated, and fully furnished apartment ready to move into, located in Eixample, just 10 minutes' walk from Plaça de Catalunya and Las Ramblas. The apartment is located on the third floor with elevator in a building with a concierge. It consists of a spacious, bright living-dining room with a table for 6 people. Large, fully equipped kitchen-office leading to a covered, glazed terrace with an additional table to enjoy the sunlight on sunny days. 1 exterior suite bedroom with a double bed and its own bathroom with shower, another exterior double bedroom with 2 single beds, and a third exterior bedroom with 1 single bed and a desk for working. Another bathroom with a bathtub and shower. The apartment has wardrobes in all bedrooms and in common areas of the apartment. Other features: Air conditioning and heating by hot/cold heat pump. Fully equipped apartment with appliances and furnishings. Quality finishes and high-quality stylish furniture. Concierge in the building. Parquet floors. Very bright apartment; all rooms are exterior. Location: The apartment is located in a privileged area, just a 10-minute walk from Plaça Catalunya and other points of interest in the city. It has all services on the doorstep (supermarkets, restaurants, shops, schools... ). Excellent public transport connections, metro, train and buses. Just 160 meters (2 min) from Plaça Universitat metro station (L1 and L2) and a 10-minute walk from Plaça Catalunya station (L1, L3, L6 and L7 and FFCC and RENFE cercanías)."
86813575,https://img4.idealista.com/blur/480_360_mq/0/id.pro.es.image.master/f0/89/1f/703603462.webp,LINK,,Eixample,El Fort Pienc,"$2,095",64,3,2,2,calle de la Diputació,41.397971,2.1800984,https://www.idealista.com/inmueble/86813575/,"Reference: I6472-1 SEASONAL RENTAL BETWEEN 32 DAYS AND 11 MONTHS. AVAILABLE FROM JUNE 18, 2025. SEASONAL RENTAL Characteristics  - 3 bedrooms  - 2 bathrooms  - 2 balconies  - American kitchen  - Wi-Fi  - Air conditioning  - Heating  - Furnished  - Equipped At the ShBarcelona real estate agency, we are pleased to present this charming temporary rental apartment located in the L’Eixample area. It is an ideal option for people coming to study in Barcelona for a period of up to one year. Where is it located? This apartment is located on Carrer Diputació, in the L’Eixample district. This family-friendly area has supermarkets, shops, bars and restaurants, and offers the convenience of walking to the city center in a maximum of 15 minutes. Living in L’Eixample means being part of a residential area, with a family atmosphere and full of life. Thanks to good public transport connections, you can reach any point you wish. The nearest metro station is Monumental (L2). A fully equipped apartment This apartment is decorated in neutral tones that create a lot of tranquility. The main room comprises the kitchen and living room in a very well-integrated space. The kitchen has all the necessary elements so that you only need to focus on preparing delicious recipes. The living room has a three-seater sofa and a table with space for six people. It has three fully furnished double bedrooms, one with access to a small balcony. The apartment has freshly painted walls combined with exposed brick and the ceiling with restored exposed beams. The bathrooms have been recently renovated, one of them with a comfortable walk-in shower. In addition… The apartment has heating and air conditioning so that you are always the one who decides what temperature you want your home to be."
100479542,https://img4.idealista.com/blur/480_360_mq/0/id.pro.es.image.master/11/2a/46/1088883562.webp,LINK,,Sant Martí,El Camp de l'Arpa del Clot,"$1,800",90,3,2,6,calle de Mallorca,41.4103905,2.1864132,https://www.idealista.com/inmueble/100479542/,"Reference: I17211-0 MONTHLY RENTAL FROM 32 DAYS UP TO 11 MONTHS. AVAILABLE FROM June 10, 2025. MONTHLY RENTAL 81 m2 apartment for temporary rent in the Sant Martí district in Barcelona. The house is located on the sixth floor and is furnished and equipped, ready for you to move into. The property has 3 bedrooms with double beds and wardrobes, an office, an American kitchen connected to a utility room, a living-dining room, two bathrooms with showers and a terrace with access to the outside. The apartment is equipped with split air conditioning in the dining room and in the main room, heating, fiber optic internet, dishwasher and washing machine. Located in the Clot neighborhood, you will have within your reach local shops, bars, restaurants, green areas and a magnificent connection with different Clot bus and metro lines (L1 and L2). Very close to the property is the famous Agbar Tower and the 22@ business area. Contact ShBarcelona if you want more information about the terms and conditions of the apartment. '."
95550506,https://img4.idealista.com/blur/480_360_mq/0/id.pro.es.image.master/c4/17/c2/921615873.webp,LINK,,Eixample,La Dreta de l'Eixample,"$1,995",104,3,2,3,calle d'Aragó,41.3890115,2.1636531,https://www.idealista.com/inmueble/95550506/,"Reference: I15549-0 MONTHLY RENTAL FROM 32 DAYS UP TO 11 MONTHS. AVAILABLE FROM June 27, 2025. MONTHLY RENTAL Characteristics: Spacious 104 m² apartment 3 rooms 1 study 2 bathrooms Internet of high speed Air conditioning (located in the dining room) Heating elevator in the farm Floor reference: T15549-0 The ShBarcelona company has this elegant furnished apartment in l'Eixample for seasonal rent. It is located in the central and famous Aragó street, two blocks from Casa Batlló. It is possible to rent it for a season from 32 days and up to 11 months. This, added to the distribution, makes it an ideal apartment to share by students or people who come to work in the city during a course or project. In addition, it is essential to pay 2 months' rent for the deposit. Supplies are not included. about the neighborhood The right of l'Eixample is one of the coolest areas of the city, because in addition to being central and well connected, it is one of the main shopping areas. Near the property it is possible to find a wide variety of bars and restaurants, as well as supermarkets, pharmacies, hairdressers, and other types of essential basic services for your stay. In addition, it is a very well connected area. It is possible to reach the city center on foot, which is only 5 minutes away. The nearest metro stop is Passeig de Gràcia (L2, L3 and L4) and the railway stop is Provença (ES, S1, S2, S5, S5S, S5). floor layout The 104 m² of the property are distributed in: living-dining room, independent kitchen, 3 large double bedrooms, 1 study and 2 bathrooms. About the equipment, the kitchen has: fridge, freezer, oven, dishwasher, microwave and utensils. The living-dining room has a sofa and an armchair next to a plasma TV, with a table and chair where you can eat daily. This room has an air conditioning machine. As for the bedrooms, all 3 have a double bed and a wardrobe with enough space. There is also 1 study room with a large table and chairs, ideal for studying or working. One of the rooms has a bathroom inside (with a bathtub), and the other bathroom includes a shower tray. Anything else? For more comfort, the farm has an elevator. '."
106944289,https://img4.idealista.com/blur/480_360_mq/0/id.pro.es.image.master/d5/8b/94/1298368045.webp,LINK,,Eixample,La Sagrada Família,"$1,700",75,3,2,4,avenida de Gaudí,41.4115772,2.1752984,https://www.idealista.com/inmueble/106944289/,"DOMA Real Estate presents this spectacular temporary rental property, located on the emblematic Avenida Gaudí, a few meters from the majestic Sagrada Familia. This cozy apartment, situated in a stately building constructed in 1930, stands out for its gable design and its complete exteriority, ensuring excellent natural light in all its rooms. Upon entering, we find a spacious hall that leads to a large 25 m² living-dining room, offering a bright and welcoming atmosphere thanks to its large windows with spectacular views of the Sagrada Familia. The open kitchen is fully equipped with appliances (refrigerator, oven, washing machine), providing an ideal space for cooking and enjoying moments together. The apartment has three spacious double bedrooms, exterior and with incredible natural light, creating a warm and comfortable atmosphere. Each room is designed to offer maximum comfort. It has 2 full bathrooms, one with a bathtub and one with a shower. Among the details to highlight are the high ceilings that provide a sense of spaciousness and elegance, and the orientation of the apartment, which guarantees excellent natural lighting throughout the day. In addition, the building has an elevator and automatic doorman, ensuring comfort and security for residents. Located in the Sagrada Familia neighborhood, in a pedestrian and very pleasant area, the apartment is surrounded by all kinds of shops, restaurants and has excellent public transport connections, making it an ideal place to live. The apartment is available immediately, January 2024. HIGHLIGHTS: - Price UNFURNISHED: €1,700 PER MONTH - Price FURNISHED: €1,800 PER MONTH - AVAILABLE FROM MAY 2025 (IMMEDIATE ENTRY) - The temporary nature of the rental must be duly justified. This is a perfect home for those seeking to live in one of the most emblematic and vibrant areas of Barcelona, with all amenities within reach. Don't miss the opportunity to visit this spectacular apartment and discover its true charm. Do not hesitate to contact us to arrange a visit and discover everything this wonderful apartment has to offer."
107280491,https://img4.idealista.com/blur/480_360_mq/0/id.pro.es.image.master/d2/58/46/1308611066.webp,LINK,,Gràcia,Vila de Gràcia,"$1,990",96,3,2,2,calle de Vic,41.3998267,2.1549686,https://www.idealista.com/inmueble/107280491/,"This move-in ready, fully furnished apartment is available from 15-05-2025. The advertised rate of €1,990/month is the rate for a 1-year stay, based on a move-in date of May 15, 2025. If you’re looking for the lowest available price, the rate is €1,950/month for a 1 month(s) and 22 day(s) stay with a move-in date of May 15, 2025. Rates vary depending on the duration of stay, season, and other parameters. For exact pricing, please visit our website and enter your desired move-in and move-out dates. Additional pricing info: (1) price quoted is for rent only, (2) this rate is based on a move-in date of May 15, 2025, moving in later leads to a higher rate, (3) for 4+ month stays, rate is applicable only if billed upfront; can be higher if billed in multiple payments, (4) a booking fee will be applied based on the duration of stay. Discover the best of Barcelona, with this three bedroom apartment in Vila de Gràcia. with views over the city. It’ll be easy to simply show up and start living in this lavishly Blueground furnished apartment with its fully-equipped kitchen, cheery living room, and our dedicated, on-the-ground support. (ID  BCN176) Designed with you in mind Gorgeous furniture, fully-equipped kitchen, smart TV, and a premium wireless speaker are just a few of the amenities you’ll find inside this three bedroom apartment. Ideally located in Barcelona, you’ll find a lot to love outside as well. When you’re ready to relax, you’ll be happy to discover every Blueground bedroom comes with superior quality mattresses, luxury linens, and cozy towels. We handle everything so you can simply show up and start living.  Sleeping arrangements  Single Bed, 35.4in/90cm  Double Bed, 55in/140cm Amenities Building amenities unique to this three bedroom apartment include an on-site:  - Elevator  - Washing machine  - Pets allowed Arrival and ongoing support The entire apartment is yours to enjoy! You’ll either be personally greeted by a Blueground team member or given self check-in instructions. Throughout your stay, you’ll have access to our Client Experience team through the Blueground App. You can schedule additional cleanings, submit maintenance requests, and view our neighborhood recommendations with just a few taps. We’ll share all details upon confirmation of your stay. Ideally Located Barcelona's Gràcia neighborhood is defined by gorgeous Art Nouveau architecture and trendy galleries and cinemas, as well as an incredible dining and shopping scene. The bustling Plaça de la Vila de Gràcia is the place to see and be seen, or simply enjoy a cool drink at one of its many bar terraces. Gràcia is also home to some of famed architect Antoni Gaudí’s most famous buildings, including the Casa Vicens mansion and the one of a kind estate at the Parc Güell. Elegant Villa de Gràcia has incredible cultural attractions, hip boutiques and artist studios, and a wonderful nightlife scene. In addition to the Plaça del Sol's outdoor cafes, residents can enjoy live performances at the Teatrenu theater or see a movie at the Verdi Barcelona theater. Other things to note This Blueground apartment has flexible lease options, allowing you to book it for one month, a year, or more. Pets are welcome, though weight limits and breed restrictions apply and may incur fees.  Also note  - This apartment is located on a narrow street  - Renovation work is taking place on the facade which might lead to some balconies not be accessible  - The building is having exterior renovations. Please note that balconies and views may be obstructed at this time All our rentals in Spain include a 1 (one) hour weekly cleaning service."
108060836,https://img4.idealista.com/blur/480_360_mq/0/id.pro.es.image.master/b5/f0/36/1332669142.webp,LINK,,Ciutat Vella,El Gòtic,"$1,700",92,3,2,2,calle Ample,41.3798601,2.1806949,https://www.idealista.com/inmueble/108060836/,"TEMPORARY RENTAL, JUSTIFICATION OF TEMPORARINESS IS ESSENTIAL! Looking for a stylish and comfortable stay in one of the city's most vibrant areas? This is your ideal temporary home! We present a charming and personality-filled real third-floor apartment without an elevator, measuring 92 m². From the moment you cross the threshold, you'll fall in love with its details and cozy atmosphere. Enjoy the views and the neighborhood ambiance from its pleasant balcony, directly accessible from the bright living-dining room. Three Bright Bedrooms: * 1 Double Suite Bedroom: A private and comfortable space with its own bathroom; * 1 Double Bedroom: Spacious and perfect for guests or family; * 1 Large Single Bedroom: Spacious and versatile, ideal as a bedroom or office. Being interior rooms, all bedrooms enjoy abundant natural light and absolute silence. The Living-Dining Room with Integrated Kitchen is an open-plan space with generous dimensions, perfect for relaxing and socializing. The kitchen is fully equipped. The apartment, completely furnished and decorated with care and good taste, paying attention to every detail, offers a comfortable and aesthetically pleasing stay. Beautiful, well-preserved hydraulic floors and exposed wooden beam ceilings add character and authenticity. Equipped with air conditioning in the living-dining room, fans in all bedrooms, and electric heating throughout the apartment for your maximum comfort at any time of year. Privileged Location: Located in a trendy neighborhood with a wide range of shops, restaurants, bars, and services. Everything you need at your fingertips! A short walk from the beach; the perfect balance between urban life and coastal relaxation! This apartment is ideal for those seeking a temporary stay with style, comfort, and an unbeatable location. Don't miss the opportunity to live this experience! Contact us for more information and to arrange a visit. LARGE TENANT: YES LAST RENT: Not applicable REFERENCE INDEX: Not applicable."
97477666,https://img4.idealista.com/blur/480_360_mq/0/id.pro.es.image.master/9b/7a/98/980629318.webp,LINK,,Eixample,Sant Antoni,"$1,845",104,3,2,3,calle de Tamarit,41.3797536,2.161529,https://www.idealista.com/inmueble/97477666/,"Reference: I15973-4 MONTHLY RENTAL FROM 32 DAYS UP TO 11 MONTHS. MONTHLY RENTAL Furnished and equipped home of 104 m2 for temporary rental (from 32 nights to 11 months) in the Eixample district of Barcelona. The property has 3 bedrooms, one with a double bed and two with a single bed, a living-dining room with access to a balcony, a separate kitchen and 2 bathrooms with a shower. Likewise, it also has a dressing room, fiber internet connection, air conditioning, heating, washing machine and dishwasher. Eixample, is the most significant district in the entire city, it is the modernist jewel where every corner comes to life. A unique experience to get lost in the most cosmopolitan, vibrant and life-filled Barcelona. The closest public transport stop to the property is Sant Antoni (L2). If you want more information about the terms and conditions of the home, contact ShBarcelona. '."
82967074,https://img4.idealista.com/blur/480_360_mq/0/id.pro.es.image.master/da/66/15/1324611856.webp,LINK,,Eixample,Sant Antoni,"$1,950",105,3,2,6,avenida del Paraŀlel,41.3742005,2.1541786,https://www.idealista.com/inmueble/82967074/,"Reference: I2544-3 MONTHLY RENTAL FROM 32 DAYS UP TO 11 MONTHS. AVAILABLE FROM May 15, 2025. MONTHLY RENTAL ShBarcelona presents this exclusive, fully furnished and equipped property in a building with an elevator. The building is a stately estate with a prominent façade that connects Avenida Paral·lel with Plaça Espanya. The property has 105 m² distributed in 3 double bedrooms, 2 full bathrooms with showers, a kitchenette, a spacious, bright living-dining room, and a study. The apartment also features ducted air conditioning and heat pump heating, fiber optic internet connection, a washing machine and dishwasher, among other additional amenities. Thanks to its height, you can enjoy spectacular views from the small balcony attached to the living room, which overlooks all of Barcelona. The Sant Antoni neighborhood, in the Eixample district, is known for its excellent location and lively cultural scene. Here, you'll have access to a wide variety of services. Very close to the property, you'll find supermarkets, bars, cafes, restaurants, theaters, secondhand shops, and the iconic Sunday market. The closest public transport stop is Plaza de España (Lines 1, 3, FGC, and several buses), allowing you to easily get around the city. If you would like more information about the property and our services, please contact ShBarcelona. '."
95233524,https://img4.idealista.com/blur/480_360_mq/0/id.pro.es.image.master/ab/a4/66/912957167.webp,LINK,,Sant Martí,El Clot,"$1,750",79,3,2,1,calle del Consell de Cent,41.4061822,2.1832509,https://www.idealista.com/inmueble/95233524/,"Reference: I15385-0 MONTHLY RENTAL FROM 32 DAYS UP TO 11 MONTHS. AVAILABLE FROM May 22, 2025. MONTHLY RENTAL Characteristics: 2 single rooms 1 double room Living room Balcony with terrace Independent kitchen Courtyard 1 bathroom with bathtub 1 bathroom with shower Internet with WiFi Floor reference: I15385-0 The real estate services company, ShBarcelona, proposes this apartment for temporary rent in the Glòries area. That is, a rental contract is signed from 32 nights to 11 months. In addition, the supplies (water, electricity, gas... ) are not included in the monthly payment, as well as the tenants must advance 2 months of previous deposit. Where is it located? This apartment is located right on the border between the El Clot neighborhood and the Sagrada Família neighborhood. To understand each other better, the house is located just two blocks from the Encants (L2) metro stop. The apartment is located in the Glòries area, since the shopping center is very close, it is more from your balcony you can see the Torre Agbar. 3 bed 2 bath The seasonal rental apartment has 3 bedrooms, one double and two singles. Each one with its own closets to store clothes separately. In addition, for the convenience of the tenants, the apartment has 2 equipped bathrooms, one with a shower and the other with a bathtub. In addition, your living room is well lit by the natural light from the balcony, as well as the double bedroom is also very bright. Tell me more Listen! This apartment is ideal for you, it has a WiFi connection already installed. Also, is a cat or dog with you? In that case, you can ask if it is possible, be sure to comment on it in the reservation so that we know before. Anything else…? Of course! We do not want to end this description without mentioning the independent kitchen of the temporary rental apartment. It is isolated from the rest of the house, so the odors from the ceramic hob will not go to the rest of the floor. '."
104822916,https://img4.idealista.com/blur/480_360_mq/0/id.pro.es.image.master/09/e8/ee/1232678103.webp,LINK,,Eixample,La Sagrada Família,"$1,750",103,3,2,6,calle de la Indústria,41.4075649,2.17136,https://www.idealista.com/inmueble/104822916/,"Reference: I19061-0 MONTHLY RENTAL FROM 32 DAYS UP TO 11 MONTHS. MONTHLY RENTAL ShBarcelona, presents this property fully furnished and equipped. It has 103 m2 distributed in 2 double rooms and 1 single room. It also has 2 complete bathrooms with shower, fully equipped independent kitchen, living-dining room with exterior access to 1 balcony. It also has split air conditioning, heating, fiber internet connection, dishwasher and washing machine. The L'Eixample area is one of the oldest in the entire district, which is why you will have any service you may need at your fingertips. Very close to the property you will find supermarkets, bars, cafes, restaurants, gyms, parks and much more. The closest public transport stop to the property is Sagrada Família (L2 and L5). If you want more information about the home and our services, contact ShBarcelona. '."
108078518,https://img4.idealista.com/blur/480_360_mq/0/id.pro.es.image.master/8f/43/13/1333156720.webp,LINK,,Ciutat Vella,Sant Pere - Santa Caterina i la Ribera,"$1,600",73,3,2,2,paseo de Pujades,41.3878816,2.1843132,https://www.idealista.com/inmueble/108078518/,"REF: 002279  Spacious flat located in Santa Caterina- La Ribera close to the Ciudadela park and the north station. The flat has 3 bedrooms and a designer kitchen.  CHARACTERISTICS  Spacious flat of 73 m² (68 m² useful) distributed in:  - 3 bedrooms, one of them exterior double and 2 interior singles. - 2 fully fitted bathrooms.  - Fitted kitchen independent from the lounge.  - Spacious living-dining room.  - Balcony overlooking the main street.  - Furnished, ready to move into.  - Close to the Ciudadela park and the north station. TECHNICAL SPECIFICATIONS;  Height 2nd floor, total surface area 73 m², useful surface area 68 m², single rooms: 2, double rooms: 1, 2 bathrooms, air conditioning (hot and cold), antique more than 50, exterior carpentry (aluminium), kitchen, dining room, state of conservation: good condition, floor: parquet. LOCATION: Located in the heart of El Born neighbourhood, very close to Barceloneta beach, but at the same time close to Plaza Cataluña. It is a very central area, full of markets, bars, shops and everything you need for your daily life. Communications such as metro stops L4 (Jaume I and Barceloneta), as well as numerous bus lines. Close to all services. ABOUT ALL4FLAT We are a Real Estate agency located in Barcelona. Our work consists of helping in all the procedures and stages necessary for the intermediation of real estate properties. We have an extensive portfolio of products that includes all types of real estate for purchase or rent. In addition, we offer complementary quality real estate services such as: partial or integral reforms, vertical and/or horizontal administrations, financing solutions, insurance processing and legal and fiscal advice. We offer professional services guaranteeing the quality and integrity of our service to ensure the company's success."
107409047,https://img4.idealista.com/blur/480_360_mq/0/id.pro.es.image.master/1b/76/7a/1311864234.webp,LINK,,Eixample,La Nova Esquerra de l'Eixample,"$1,990",77,3,2,en,calle d'Entença,41.3798296,2.1514204,https://www.idealista.com/inmueble/107409047/,"Seasonal rentals from 31 days to 11 months with the possibility of contract extension. Fully furnished and equipped to move in immediately. Its modern and functional spaces and its large terrace make it a very pleasant and cozy apartment. EIXAMPLE: The most emblematic neighborhood in Barcelona for its modernist buildings and wide avenues. It is an elegant and cosmopolitan neighborhood, which offers a wide variety of high-quality shops and restaurants. Very well connected to the rest of the city's neighborhoods by public transport; Metro L5 and L3 and bus lines 27, 32, 56, 63. Its 77 square meters are distributed in a bright living room with access to a spectacular terrace, a fully equipped independent kitchen with a utility area, two bedrooms, one double and one single, and it also has two full bathrooms. COMMON AREAS: The apartment is located in a building from 1955. The building has an elevator. The property is in good condition. LOCATION This area of Eixample is located on the left side of Avenida Diagonal and is a residential and commercial district with a wide variety of shops, bars and restaurants. Here you will find the famous University Square, a meeting place for young people and students, as well as the San Antonio Market, one of the oldest and most emblematic markets in Barcelona The following services are included in the price: Furnished and equipped apartment. Wifi service. Additional information: Utilities with a provision of 200EUR/month Deposit: 2 months Extra services available on request: Cleaning, ironing and laundry service. In accordance with the new housing regulations, it is reported that: The state reference index establishes a reference income between 804,17 and 1.102, 77 euros per month. Reference rental index: €18.56 / m² Lower floor: €16.02 / m² Upper floor: €24.51 / m²."
103544242,https://img4.idealista.com/blur/480_360_mq/0/id.pro.es.image.master/ec/9d/dc/1192854813.webp,LINK,,Sant Martí,El Camp de l'Arpa del Clot,"$1,850",73,3,2,5,"calle de Rogent, 69",41.4110744,2.1818902,https://www.idealista.com/inmueble/103544242/,"Monthly rental apartment (from 32 days to 11 months) Available from July 3rd 2025 This is a nice apartment of 72m2 fully furnished and ready to move into in one of the best areas of Barcelona. The day area consists of a living room with integrated kitchen, this space has the traditional Catalan vault that allows you to see the exposed wooden beams on the ceiling. From here there is access to the cozy little terrace which is the perfect space to relax during the day. The kitchen is fully equipped with all the utensils and appliances needed for cooking. The night area has 3 double bedrooms, each with closet and a practical desk for work or academic activities. The bedrooms share 2 full bathrooms with shower. The apartment has air conditioning, heating and fiber optics such as wifi. The neighborhood: The apartment is located in the heart of the neighborhood El Clot a few steps from the metro of the same name (L1 and L2) that will communicate you in a few minutes with the rest of the city. Nearby you will find all kinds of stores such as pharmacies, supermarkets, restaurants, bars and shops. It is important to note that this neighborhood is the best place to live in the Catalan city according to the International 2023 survey of Time Out magazine."
92014878,https://img4.idealista.com/blur/480_360_mq/0/id.pro.es.image.master/dd/ab/cc/828682897.webp,LINK,,Sant Martí,El Camp de l'Arpa del Clot,"$1,950",120,3,2,1,"calle de Rogent, 69",41.4110744,2.1818902,https://www.idealista.com/inmueble/92014878/,"Monthly rental apartment (from 32 days to 11 months) Available from July 3rd 2025 It is a beautiful apartment fully furnished and equipped, located in Rogent Street, in Barcelona's most central areas in the Eixample Dreta. The apartment has about 120mt2 correctly distributed. The day area consists of a large living room very bright. The kitchen is integrated and has a high range of appliances. The zone of the night consists of 3 rooms with double beds. The rooms are expansive and share two complete baths with a shower. The apartment has air conditioning, heating, and wifi. The location is excellent, surrounded by all kinds of stores and metro and bus stops."
102200766,https://img4.idealista.com/blur/480_360_mq/0/id.pro.es.image.master/7b/06/df/1147674623.webp,LINK,,Eixample,La Sagrada Família,"$1,990",91,3,2,5,"avenida de Gaudí, 31",41.4067234,2.1741376,https://www.idealista.com/inmueble/102200766/,"Monthly rental apartment (from 32 days to 11 months) Available from July 3rd 2025 This spacious and comfortable 90m2 apartment has a privileged location and is fully ready to move in. The day area has a living room full of natural light thanks to the large windows that also allow access to the spacious balcony. Here you can take advantage of the warm days in the city while enjoying a meal or a drink at home. The kitchen is integrated into the space, it is fully equipped with all the necessary utensils and appliances. The sleeping area has 3 double bedrooms that share 2 large bathrooms with shower. The apartment has a laundry area and is equipped with air conditioning, heating and wifi. The neighborhood: The apartment is located on Avenida Gaudi, a dawn avenue that breaks diagonally with the urban grid, and has a number of avant-garde bars and cafes where people gather to enjoy the spectacular view of Gaudi's tremendous work. It is part of the Sagrada Familia neighborhood, within the Eixample district. The apartment is located a few meters from the Sagrada Familia, a monumental work of the Catalan architect. Two large squares, located at the back and front of the basilica, serve as public spaces where you can enjoy outdoor activities. This area of Barcelona has a residential atmosphere, very familiar and close. It has all kinds of essential services around it such as: supermarkets, local stores, bars and restaurants with terraces, where you can enjoy the atmosphere of Barcelona. The nearest station is located 4 minutes from the apartment, ""Sagrada Familia (L2/L5). Diagonal Avenue is 10 minutes away, and the charming Paseo Sant Joan, 23 minutes walk, where you will find a number of bus stops and a great gastronomic offer."
107547048,https://img4.idealista.com/blur/480_360_mq/0/id.pro.es.image.master/fb/5d/4b/1319289377.webp,LINK,,Ciutat Vella,Sant Pere - Santa Caterina i la Ribera,"$1,950",71,3,2,en,calle de Sant Pere Mitjà,41.3891934,2.1779725,https://www.idealista.com/inmueble/107547048/,"Impeccable newly renovated and ready-to-move-in apartment This apartment is located on the first floor of a 1936 building with an elevator, in an excellent location. The apartment is newly renovated, ready to move into, fully equipped and furnished. It is distributed in a day area consisting of a living-dining room with an open kitchen, equipped with all integrated appliances, respecting the design of the project. The night area of the apartment consists of three double bedrooms, with wardrobes, two of them with a double bed and a balcony overlooking the street, and the third one is interior. It has two bathrooms, with natural ventilation and equipped with a shower tray. This apartment stands out for its unique features, such as perfectly preserved Catalan vaulted ceilings, wooden beams, hot/cold air conditioning, and natural oak parquet flooring, among other stylish details. It is surrounded by many historical and cultural attractions such as EL Born Centre de Cultura i Història, the Basilica of Santa Maria del Mar, the Picasso Museum, the Paseo del Born and the Ciutadella Park; as well as a wide range of services, shops, bars, restaurants and public transport connections. The rental value is €1950 per month, which includes the security alarm system. One month's deposit and one month's guarantee are required, plus agency fees. The apartment is now available and is rented seasonally."
96943704,https://img4.idealista.com/blur/480_360_mq/0/id.pro.es.image.master/27/1a/16/961125598.webp,LINK,,Gràcia,Vila de Gràcia,"$1,850",76,3,2,5,"calle de l'Escorial, 33",41.4074981,2.1609695,https://www.idealista.com/inmueble/96943704/,"Monthly rental apartment (from 32 days to 11 months) Available from May 10th 2025 This is a beautiful apartment fully furnished and equipped ready to move in. It has 75m2 perfectly distributed.  Upon entering you will find a spacious living room very bright. The living room has a comfortable sofa ideal for relaxing or watching your favorite series, plus a large dining room for four people. The living room has access to a nice terrace completely outside where you can enjoy the privileged climate of the city.  The kitchen is independent and has all the necessary high-end appliances such as a dishwasher, refrigerator, gas stove, oven, and microwave.  The sleeping area consists of 3 bedrooms, one with a double bed and two with twin beds. The bedrooms share 2 bathrooms; one complete with a bathtub and a toilet. The apartment also has a practical studio, ideal for working or studying. The apartment has gas heating and wifi. *Optional parking* The apartment is located in the Gracia neighborhood in a quiet and charming area. Nearby you will find all kinds of stores such as pharmacies, supermarkets, Catalan and international restaurants, and trendy bars. In addition, the apartment is very well connected to the rest of the city by metro and bus. The nearest station is Joanic L4."
86811786,https://img4.idealista.com/blur/480_360_mq/0/id.pro.es.image.master/f4/ae/5b/703559217.webp,LINK,,Ciutat Vella,El Raval,"$1,600",70,3,2,4,"C/Joaquín Costa, 36",41.3825187,2.1659777,https://www.idealista.com/inmueble/86811786/,"Monthly rental apartment (from 32 days to 11 months) Available from June 23rd 2025 Spacious and modern apartment fully furnished and connected with the rest of the city. It has three rooms: one double bedroom and two single beds. The rooms are spacious, with wardrobes and very comfortable. One of the individual offices has a desk, perfect for work or study. The flat has two bathrooms.  The apartment has a large living room with a TV. The kitchen is integrated and has all the necessary appliances. Also, the studio has air conditioning, heating, wifi, and high-speed internet included in the price. Located in Carrer de Joaquin de Costa, right in the historic center of the city. The apartment is located in a strategic area, as important urban landmarks and tourist attractions such as Plaza Universitat, Plaza de Catalunya and the Museum of Contemporary Art of Barcelona, are located a few minutes walk away. The area is surrounded by narrow streets and small squares that are conveniently located to sit and enjoy a snack. A few meters away is also the neighborhood of Sant Antoni, which has a quiet and residential atmosphere, fully supplied with all services, stores and supermarkets. The nearest station is ""Universitat"" (L1/L2), 4 minutes from the apartment."
99207830,https://img4.idealista.com/blur/480_360_mq/0/id.pro.es.image.master/ca/11/76/1036680075.webp,LINK,,Gràcia,Vila de Gràcia,"$1,800",81,3,2,3,"calle Gran de Gràcia, 98",41.4005888,2.1547803,https://www.idealista.com/inmueble/99207830/,"Monthly rental apartment (from 32 days to 11 months) Available from June 3rd until september 15th 2025 This apartment has 80m2 that are perfectly distributed, and also has a privileged location in the city of Barcelona. The day area consists of a comfortable living room with access to the balcony overlooking Carrer Gran de Gracia. The dining room is located in another area of the apartment, next to the kitchen, and with access to the large terrace. The kitchen is independent, fully equipped with crockery, utensils and appliances, ready to cook from your arrival.  The sleeping area consists of 3 bedrooms. The first bedroom is double, exterior and with access to the balcony, has a chest of drawers and closet to store everything you need. The second bedroom has a bunk bed, chest of drawers and clothes rack. The third bedroom is also double and has a chest of drawers. The 3 bedrooms share 2 full bathrooms with shower. Located in the heart of the village of Gracia, a residential area par excellence. Walking through its narrow streets you will be captivated by each of its corners, full of personality. It has a lot of life and a very youthful atmosphere, so you will find all kinds of stores, restaurants and bars in the surroundings.  Diagonal Avenue is located 8 minutes away, where you will find a wide range of shops as well as several bus stops. The nearest station is a 3-minute walk away, ""Fontana"" (L3). Gracia station, which has metro and train lines, is 4 minutes away."
103538107,https://img4.idealista.com/blur/480_360_mq/0/id.pro.es.image.master/66/b4/e4/1192669996.webp,LINK,,Eixample,La Sagrada Família,"$1,950",69,3,2,1,"calle de València, 462",41.4030794,2.177609,https://www.idealista.com/inmueble/103538107/,"Monthly rental apartment (from 32 days to 11 months) Available from June 21st 2025 Located in one of the most central areas of Barcelona, in the heart of the Eixample Dreta, we find this fabulous apartment of 68 mt2 very well used. Upon entering, you will find a spacious living room, with access to a nice terrace where you can enjoy the weather of the city, while having a drink. The kitchen is independent and is fully equipped with all the necessary appliances. The sleeping area consists of 3 double bedrooms, which share a bathroom with shower. The apartment also has a guest toilet. The apartment has heating, air conditioning and wifi included in the rental price. The neighborhood: Its location is privileged, just steps away from Gaudi's masterpiece ""La Sagrada Familia''. Two large squares, located at the back and front of the basilica, serve as public spaces where you can enjoy outdoor activities. Located on Carrer de Valencia, this area of Barcelona has a residential atmosphere, very familiar and close. It has all kinds of essential services around it such as: supermarkets, local stores, bars and restaurants with terraces, where you can enjoy the atmosphere of Barcelona."
102190072,https://img4.idealista.com/blur/480_360_mq/0/id.pro.es.image.master/09/74/d0/1147317798.webp,LINK,,Eixample,La Sagrada Família,"$1,990",91,3,2,3,"avenida de Gaudí, 31",41.4067234,2.1741376,https://www.idealista.com/inmueble/102190072/,"Monthly rental apartment (from 32 days to 11 months) Available from May 2nd 2025 This spacious and comfortable 90m2 apartment has a privileged location and is fully ready to move in. The day area has a living room full of natural light thanks to the large windows that also allow access to the spacious balcony. Here you can take advantage of the warm days in the city while enjoying a meal or a drink at home. The kitchen is integrated into the space, it is fully equipped with all the necessary utensils and appliances. The sleeping area has 3 double bedrooms that share 2 large bathrooms with shower. The apartment has a laundry area and is equipped with air conditioning, heating and wifi. The neighborhood: The apartment is located on Avenida Gaudi, a dawn avenue that breaks diagonally with the urban grid, and has a number of avant-garde bars and cafes where people gather to enjoy the spectacular view of Gaudi's tremendous work. It is part of the Sagrada Familia neighborhood, within the Eixample district. The apartment is located a few meters from the Sagrada Familia, a monumental work of the Catalan architect. Two large squares, located at the back and front of the basilica, serve as public spaces where you can enjoy outdoor activities. This area of Barcelona has a residential atmosphere, very familiar and close. It has all kinds of essential services around it such as: supermarkets, local stores, bars and restaurants with terraces, where you can enjoy the atmosphere of Barcelona. The nearest station is located 4 minutes from the apartment, ""Sagrada Familia (L2/L5). Diagonal Avenue is 10 minutes away, and the charming Paseo Sant Joan, 23 minutes walk, where you will find a number of bus stops and a great gastronomic offer."
103103899,https://img4.idealista.com/blur/480_360_mq/0/id.pro.es.image.master/d1/03/1c/1178420701.webp,LINK,,Eixample,La Sagrada Família,"$1,990",90,3,2,5,"GAUDI, 31",41.4067234,2.1741376,https://www.idealista.com/inmueble/103103899/,"Monthly rental apartment (from 32 days to 11 months) Available now Seasonal contract, a responsible statement is required in which the tenant accredits the reason or need for the temporary nature of the contract (i. e. professional reasons, work, studies, medical care or assistance) and in no case may it be considered the regular dwelling of the tenant or of any of its occupants. This spacious and comfortable 90m2 apartment has a privileged location and is fully ready to move in. The day area features a living-dining room full of natural light thanks to the large windows that also allow access to the spacious balcony. Here you can take advantage of the warm days in the city while enjoying a meal or a drink at home. The kitchen is integrated into the space and has all the necessary appliances. The sleeping area has 3 bedrooms: 2 doubles and 1 single. The bedrooms share 2 large bathrooms with shower. The apartment has a laundry area and is equipped with air conditioning and heating. The neighborhood: The apartment is located on Avenida Gaudi, a dawn avenue that breaks diagonally with the urban grid, and has a number of avant-garde bars and cafes where people gather to enjoy the spectacular view of Gaudi's tremendous work. It is part of the Sagrada Familia neighborhood, within the Eixample district. The apartment is located a few meters from the Sagrada Familia, a monumental work of the Catalan architect. Two large squares, located at the back and front of the basilica, serve as public spaces where you can enjoy outdoor activities. This area of Barcelona has a residential atmosphere, very familiar and close. It has all kinds of essential services around it such as: supermarkets, local stores, bars and restaurants with terraces, where you can enjoy the atmosphere of Barcelona. The nearest station is located 4 minutes from the apartment, ""Sagrada Familia (L2/L5). Diagonal Avenue is 10 minutes away, where you will find a number of bus stops."
102523008,https://img4.idealista.com/blur/480_360_mq/0/id.pro.es.image.master/ea/48/4b/1158423490.webp,LINK,,Eixample,La Sagrada Família,"$1,990",91,3,2,3,"avenida de Gaudí, 31",41.4067234,2.1741376,https://www.idealista.com/inmueble/102523008/,"Monthly rental apartment (from 32 days to 11 months) Available from May 22nd 2026 This spacious and comfortable 90m2 apartment has a privileged location and is fully ready to move in. The day area has a living room full of natural light thanks to the large windows that also allow access to the spacious balcony. Here you can take advantage of the warm days in the city while enjoying a meal or a drink at home. The kitchen is integrated into the space, it is fully equipped with all the necessary utensils and appliances. The sleeping area has 3 double bedrooms that share 2 large bathrooms with shower. The apartment has a laundry area and is equipped with air conditioning, heating and wifi. The apartment is located on Avenida Gaudi, a dawn avenue that breaks diagonally with the urban grid, and has a number of avant-garde bars and cafes where people gather to enjoy the spectacular view of Gaudi's tremendous work. It is part of the Sagrada Familia neighborhood, within the Eixample district. The apartment is located a few meters from the Sagrada Familia, a monumental work of the Catalan architect. Two large squares, located at the back and front of the basilica, serve as public spaces where you can enjoy outdoor activities. This area of Barcelona has a residential atmosphere, very familiar and close. It has all kinds of essential services around it such as: supermarkets, local stores, bars and restaurants with terraces, where you can enjoy the atmosphere of Barcelona. The nearest station is located 4 minutes from the apartment, ""Sagrada Familia (L2/L5). Diagonal Avenue is 10 minutes away, and the charming Paseo Sant Joan, 23 minutes walk, where you will find a number of bus stops and a great gastronomic offer."
105830929,https://img4.idealista.com/blur/480_360_mq/0/id.pro.es.image.master/6b/75/9b/1264559873.webp,LINK,,Sant Martí,El Parc i la Llacuna del Poblenou,"$1,750",67,3,2,4,"calle de Nàpols, 27",41.3915965,2.1839637,https://www.idealista.com/inmueble/105830929/,"Monthly rental apartment (from 32 days to 11 months). Available now It is a 67m2 apartment, located in a quiet area of Eixample Dreta. The day area consists of a bright living room with access to a spacious balcony, where you can have breakfast every morning or relax at sunset, after your daily activities. The kitchen is independent and has been fully equipped to be able to cook comfortably from the day of arrival to the apartment. It also has a laundry area. The sleeping area consists of 3 double bedrooms, each with closet. The bedrooms share two complete bathrooms with shower. In addition a fourth room, has been equipped as an office and has 2 desks where you can work or study quietly. The apartment has high speed wifi. The apartment is located in Carrer Nàpols, this is a residential area of Barcelonam in the sought after neighborhood of Eixample. Nearby you will find a variety of restaurants and bars that fill the area with life.  Just a short walk away is the beautiful Parque de la Ciudadela, as well as other tourist attractions such as the Arc de Triomf and the beautiful Paseo de Sant Joan. This area is ideal for walks or outdoor activities. The nearest metro station is “Arc de Triomf” and the bus station Barcelona Nord, this is one of the most important stations in Catalonia and has national and international connections."
103621693,https://img4.idealista.com/blur/480_360_mq/0/id.pro.es.image.master/2b/50/00/1195197128.webp,LINK,,Sant Martí,El Camp de l'Arpa del Clot,"$1,850",73,3,2,3,"calle de Rogent, 69",41.4110744,2.1818902,https://www.idealista.com/inmueble/103621693/,"Monthly rental apartment (from 32 days to 11 months) Available from June 23rd 2025 This is a nice apartment of 72m2 fully furnished and ready to move into in one of the best areas of Barcelona. The day area consists of a living room with integrated kitchen, this space has the traditional Catalan vault that allows you to see the exposed wooden beams on the ceiling. From here there is access to the cozy little terrace which is the perfect space to relax during the day. The kitchen is fully equipped with all the utensils and appliances needed for cooking. The night area has 3 double bedrooms, each with closet and a practical desk for work or academic activities. The bedrooms share 2 full bathrooms with shower. The apartment has air conditioning, heating and fiber optics such as wifi. The apartment is located in the heart of the neighborhood El Clot a few steps from the metro of the same name (L1 and L2) that will communicate you in a few minutes with the rest of the city. Nearby you will find all kinds of stores such as pharmacies, supermarkets, restaurants, bars and shops. It is important to note that this neighborhood is the best place to live in the Catalan city according to the International 2023 survey of Time Out magazine."
100457365,https://img4.idealista.com/blur/480_360_mq/0/id.pro.es.image.master/dc/e7/70/1087214073.webp,LINK,,Eixample,La Nova Esquerra de l'Eixample,"$1,995",110,3,2,6,"calle de Rocafort, 148",41.3821838,2.1497147,https://www.idealista.com/inmueble/100457365/,"Monthly rental apartment (from 32 days to 11 months) Available from June 3rd 2025 If you are looking for a spacious, bright, renovated and perfectly connected to the rest of the city, no doubt, this apartment in Rocafort street is for you. Upon entering, you will find a long hallway that connects to the dining room and the integrated kitchen, fully equipped with all the necessary high-end appliances such as microwave, oven, ceramic hob, refrigerator, dishwasher, kitchen utensils and coffee maker. Then, the hallway connects to the spacious living room, with large exterior windows that let in light and warmth to every corner. The living room is tastefully decorated; modern and avant-garde touches. The sofa is perfect; it has 3 bodies. Ideal to enjoy your favorite series and movies. The living room has access to a beautiful terrace, completely outside.  The sleeping area consists of 3 bedrooms with double bed. The bedrooms share a bathroom with shower and a toilet. The apartment has split air conditioning and heating radiators and pump. In addition, the apartment has fiber wifi. The neighborhood: The apartment is located in Rocafort street in a quiet, residential and central neighborhood. Surrounded by all kinds of stores such as pharmacies, supermarkets and shops. It is also a few steps from the metro Rocarfort (L1)."
107986025,https://img4.idealista.com/blur/480_360_mq/0/id.pro.es.image.master/e7/0b/81/1330278457.webp,LINK,,Sant Martí,El Camp de l'Arpa del Clot,"$1,695",74,3,2,1,calle de València,41.4103186,2.1846199,https://www.idealista.com/inmueble/107986025/,"SEASONAL RENTAL FROM 32 DAYS TO 11 MONTHS AVAILABLE NOW WIFI IS INCLUDED IN THE RENT This cozy furnished and fully equipped three-bedroom, two-bathroom apartment is available for seasonal rental. It offers 74 square meters of space and is located in Sant Martí, the second largest district in Barcelona and one of the best representations of the city's urban transformation. Situated in the northeast, it combines the industrial essence of the past with a vibrant modernity that makes it an increasingly attractive area to live, work, and enjoy. Nearby, you will find the Clot station, which will help you move around the city. The apartment consists of: - A bright living room with a sofa, TV, and balcony. - A fully equipped kitchen (dishwasher, coffee maker, oven, refrigerator, and microwave). - A bedroom with a double bed, two nightstands, and a wardrobe. - A bedroom with a single bed, a wardrobe, drawers under the bed, and a desk with a chair. - Two bathrooms - A laundry room Fully furnished and equipped (TV, washing machine, dryer, drying rack, cleaning set, iron, and ironing board), the apartment is located in a building with an elevator and intercom. Reservation conditions: - Two months' deposit - Agency fees."
108034241,https://img4.idealista.com/blur/480_360_mq/0/id.pro.es.image.master/9e/49/3e/1331830177.webp,LINK,,Eixample,El Fort Pienc,"$2,046",89,3,2,5,calle de Sicília,41.397171,2.1801367,https://www.idealista.com/inmueble/108034241/,"LONG-TERM RENTAL (6 MONTHS TO 5 YEARS) State reference index: €1391.19/month (more information). Annual IBI: €999.2 Status within the last 5 years: Rented. Last rent price: €2045.82/month. Energy certificate with rating E. Annual increase – CPI. The owner is not a large holder. This splendid 3-bedroom, 2-bathroom apartment is available for long-term rental, offering 79 square meters of space located in Eixample, an incredible area to live, a comfortable and cozy neighborhood that is one of the most iconic and vibrant in Barcelona. Probably the most recognizable for its urban design. Nearby you will find the Monumental station which will help you get around the city. This spacious and bright apartment, situated on the fifth floor with an elevator, offers a comfortable and functional space, ideal for those looking for a home they can personalize from scratch. Highlighted features: – Three bedrooms – Two full bathrooms – Private balcony, perfect for enjoying the outdoors – Independent kitchen – Unfurnished and un-equipped apartment, perfect for decorating it to your style A versatile, bright apartment ready to adapt to your needs."
107986025,https://img4.idealista.com/blur/480_360_mq/0/id.pro.es.image.master/e7/0b/81/1330278457.webp,LINK,,Sant Martí,El Camp de l'Arpa del Clot,"$1,695",74,3,2,1,calle de València,41.4103186,2.1846199,https://www.idealista.com/inmueble/107986025/,"SEASONAL RENTAL FROM 32 DAYS TO 11 MONTHS AVAILABLE NOW WIFI IS INCLUDED IN THE RENT This cozy furnished and fully equipped three-bedroom, two-bathroom apartment is available for seasonal rental. It offers 74 square meters of space and is located in Sant Martí, the second largest district in Barcelona and one of the best representations of the city's urban transformation. Situated in the northeast, it combines the industrial essence of the past with a vibrant modernity that makes it an increasingly attractive area to live, work, and enjoy. Nearby, you will find the Clot station, which will help you move around the city. The apartment consists of: - A bright living room with a sofa, TV, and balcony. - A fully equipped kitchen (dishwasher, coffee maker, oven, refrigerator, and microwave). - A bedroom with a double bed, two nightstands, and a wardrobe. - A bedroom with a single bed, a wardrobe, drawers under the bed, and a desk with a chair. - Two bathrooms - A laundry room Fully furnished and equipped (TV, washing machine, dryer, drying rack, cleaning set, iron, and ironing board), the apartment is located in a building with an elevator and intercom. Reservation conditions: - Two months' deposit - Agency fees."
96712703,https://img4.idealista.com/blur/480_360_mq/0/id.pro.es.image.master/24/d4/38/1332296844.webp,LINK,,Gràcia,El Camp d'En Grassot i Gràcia Nova,"$1,650",88,3,2,5,calle de Sardenya,41.4100092,2.163081,https://www.idealista.com/inmueble/96712703/,"SEASONAL RENTAL FOR STUDENTS FURNISHED READY TO ENTER TO LIVE. Spectacular piece, in a fantastic area of the Gracia-Camp d'en Grassot neighborhood. 3 BEDROOMS AND 2 BATHROOMS, TERRACE, FULLY FURNISHED AND EQUIPPED. High and bright house, very quiet and calm, with views of the sea and the Sagrada Familia. Finca with elevator and concierge. It consists of 3 bedrooms (1 double, one as a suite and 2 single), 2 bathrooms, large living-dining room, large and equipped kitchen, with a gallery area for a washing machine. Parquet floors in the entrance, hallway and living room, rest of the house, terrazzo floors. A few meters from the house, you can enjoy all the services around you: the Mercat de l'Estrella, a large number of small shops and supermarkets, Hospital de Sant Pau, pharmacies, metro L4 (Alfons X), buses, Holme Place Gymnasium, Plaza Alfons X and Passeig de Sant Joan. Upper-middle-lower rental rate: €14.05/m2- €15.19/m2- €19.41/m2. In the indicated price Includes IBI expenses and community expenses."
102179122,https://img4.idealista.com/blur/480_360_mq/0/id.pro.es.image.master/d5/68/b6/1146965212.webp,LINK,,Les Corts,Les Corts,"$1,650",87,3,2,4,Neighbourhood: Les Corts,41.3856248,2.1351607,https://www.idealista.com/inmueble/102179122/,"Live in the heart of the city in this spectacular apartment next to Travesera de Les Corts and 2 minutes from l'Illa Diagonal shopping center! In excellent condition and with all the details designed for your comfort. This property consists of a spacious living room with access to a cozy balcony, perfect for relaxing while enjoying a charming urban view. The 14 m² office-style kitchen has access to a gallery, providing you with a functional and modern space to prepare your meals. The house is complemented by three bedrooms: one double with a built-in wardrobe, one single also with a built-in wardrobe and a third single room set up as an office, ideal for those who work or study from home. In addition, the apartment has a complete bathroom equipped with a shower tray and an additional toilet, both designed with style and functionality. As if all this were not enough, a large parking space on the same property is included in the price. Forget about parking problems in the city and enjoy the comfort of having your car safe and close to home. Do not miss this opportunity to live in a privileged location, with all the services at your fingertips. Contact us today for more information!"
88043332,https://img4.idealista.com/blur/480_360_mq/0/id.pro.es.image.master/9d/58/86/737174854.webp,LINK,,Eixample,L'Antiga Esquerra de l'Eixample,"$1,880",87,3,2,3,aribau,41.3876572,2.1580495,https://www.idealista.com/inmueble/88043332/,"AVAILABLE 10 of May Temporary rental** Great apartment located in one of the best areas of Barcelona century royal estate on a third floor with elevator.  The apartment has been recently renovated and stands out for its luminosity and tranquility.  It offers a spacious hall, living-dining room with views of the main street (Tarragona exhibition). Fully equipped closed kitchen (dishwasher) with natural light and access to outside balcony. Living room and kitchen face the main street but no noise is heard thanks to its double-glazed aluminum windows.  Parquet floors in good condition. Two bathrooms and 3 double bedrooms. One interior with double bed embedded in furniture (it can be stored in the day to take advantage of the space) and study area (desk).  Second bedroom also double and with access to a furnished balcony-terrace to enjoy the tranquility as it faces the interior courtyard. Third very bright double room with en-suite bathroom with access to the balcony-terrace.  Both rooms open onto a large block patio that favors privacy. The apartment has central heating and AC (independent system), double glazed windows throughout the floor and aluminum windows.  It stands out for its warmth, tranquility and luminosity. Four blocks from the Provence Station (FGC) and the L1 metro station (red) Universitat. You can walk to Paseo de Gracia, Rambla and Plaza de Cataluña. For visits contact us!"
107109895,https://img4.idealista.com/blur/480_360_mq/0/id.pro.es.image.master/b0/cc/ee/1303261525.webp,LINK,,Gràcia,Vila de Gràcia,"$1,800",50,3,2,4,calle del Torrent de l'Olla,41.4036278,2.1556259,https://www.idealista.com/inmueble/107109895/,"BRIGHT ATTIC WITH TERRACE ON THE SAME FLOOR FOR TEMPORARY RENTAL *INCREDIBLE TEMPORARY RENTAL APARTMENT* *FULLY FURNISHED* *MONTHLY RENTAL FROM 1 TO 11 MONTHS* This cozy attic consists of 3 spacious bedrooms in perfect condition. One of them has a double bed, air conditioning and a wardrobe. Another room, equipped with a wonderful sofa bed, air conditioning and a window. The last one, next to the main room, we have a magnificent room with a sofa, television, desk, air conditioning and a window. As for the bathrooms, it has two fully equipped bathrooms, both with a shower tray and in perfect condition. The open-plan living room offers a dining table for four people, a fully equipped open kitchen with all appliances and kitchen utensils, air conditioning and a window that allows exterior light to create a wonderful and cozy stay. The entire apartment enjoys magnificent decoration and natural light, allowing you to enjoy one of the best areas of Barcelona. The apartment also has an incredible terrace with brutal views of the city of Barcelona. If you are interested, do not hesitate to ask any questions, we are at your disposal. *The apartment's utilities are not included in the rental price and will be subject to extra charges. Clients will be informed of any additional charges in the final contract. The price does not include the deposit or expenses. *."
108008118,https://img4.idealista.com/blur/480_360_mq/0/id.pro.es.image.master/e9/67/ff/1331974187.webp,LINK,,Eixample,La Nova Esquerra de l'Eixample,"$2,000",100,3,2,5,CALABRIA / PARIS,41.3865969,2.1444607,https://www.idealista.com/inmueble/108008118/,"Bright 100 m² apartment with large terrace in the Nova de l'Eixample We present this magnificent property located in one of the most sought-after areas of the Nova de l'Eixample, surrounded by all services and with excellent communication. The apartment, with 100 m² of built area, stands out for its great luminosity and a functional distribution designed for daily comfort. Upon entering, we find a spacious living-dining room with direct access to a generous terrace, ideal for enjoying the outdoors in the city. The semi-open kitchen, recently renovated, is in perfect condition and connects to a practical independent laundry room. The night area consists of three bedrooms: two double bedrooms with fitted wardrobes - one of them with an en-suite bathroom - and a medium-sized bedroom, all designed to offer maximum space utilization. In addition, the property has a second full bathroom equipped with a bathtub. Among its finishes, the parquet floors, low-consumption LED lighting, aluminum carpentry, and air conditioning system with hot/cold pump stand out, guaranteeing comfort at any time of the year. An excellent opportunity for those seeking to live or invest in one of the most dynamic and well-connected areas of the city."
105301819,https://img4.idealista.com/blur/480_360_mq/0/id.pro.es.image.master/1d/20/73/1247988631.webp,LINK,,Sarrià-Sant Gervasi,Sant Gervasi - Galvany,"$2,100",118,3,2,bj,calle de Muntaner,41.3952469,2.1474132,https://www.idealista.com/inmueble/105301819/,"AVAILABLE FROM MAY 5 TO AUGUST 31! TEMPORARY RENTAL Muntaner Style is a very elegant and bright apartment. It has three bedrooms, two of them with double beds and two complete bathrooms, renovated and in pleasant blue tones. The living room is very spacious, with comfortable sofas, a pleasant dining area, and plenty of natural light coming through restored classic windows. The kitchen has all the necessary appliances and utensils for the home. The walls are painted in light tones that provide a feeling of clarity and space, and highlight the original paintings that decorate them. The Sant Gervasi neighborhood is a very select area, quiet and well connected to the center of Barcelona. It is one of the most exclusive neighborhoods in the city, traditional, elegant, quiet and well connected with several railway stations just a few minutes away. Here you will find the emblematic Turó Parc and you will also find numerous shops, large brand stores, a market, numerous cafes and restaurants. - Supplies not included. - Deposit of 2 months. For any other questions, do not hesitate to contact us!"
102594616,https://img4.idealista.com/blur/480_360_mq/0/id.pro.es.image.master/f7/5c/cb/1160698438.webp,LINK,,Eixample,Sant Antoni,"$1,895",74,3,2,5,calle de Villarroel,41.3827295,2.159472,https://www.idealista.com/inmueble/102594616/,"SEASONAL RENTAL FROM 32 DAYS TO 11 MONTHS AVAILABLE FROM 04.05 Wifi is included in the price This flat is located in Carrer de Villarroel, 08011, Barcelona, Barcelona, in the area of SANT ANTONI, on the 5th floor. It is a flat that has 74 m2 of which 69 m2 are useful and has 3 bedrooms and 2 bathrooms. Welcome to your ideal seasonal rental flat in the heart of the Eixample Sant Antoni. This spacious 69m2 flat on the 5th floor offers the perfect mix of comfort, style and convenience for your stay in Barcelona. Upon entering the flat, you will immediately be greeted by a bright and harmonious living room. Thanks to 2 large windows and a strategically placed mirror, the space feels open and airy. The living room features a comfortable and spacious sofa, perfect for lounging and relaxing. A flat-screen TV and 2 cosy armchairs offer entertainment options, while a generous classic wooden dining table invites you to enjoy meals and gatherings with family and friends. In addition, there is a practical desk area, ideal for catching up on work or correspondence during your stay. The well-designed kitchen offers a bright and modern ambience and is generously spacious. Whether you are a cooking enthusiast or just need to prepare quick meals, you will appreciate the modern and classic appliances and ample space for all your culinary needs. This flat features 3 classic bedrooms, each furnished with a comfortable double bed and ample storage space for your belongings. The interior windows in each bedroom not only ensure privacy, but also allow natural light to filter in, creating a pleasant atmosphere. These windows also facilitate a refreshing change of air, ensuring that the rooms remain well ventilated and comfortable throughout your stay. You will find 2 bathrooms in this flat. The main bathroom is spacious and features a classic design with a combination bathtub and shower, providing a comfortable and functional space for your daily routines. There is also a second smaller service bathroom with toilet and sink. Sant Antoni is a vibrant and sought-after neighbourhood in Barcelona. Living here means you'll have easy access to some of the city's most iconic landmarks, restaurants and cultural attractions. Stroll along the wide tree-lined avenues, visit the local markets and enjoy the charming atmosphere of this historic district. With excellent public transport links nearby, you can explore the entire city with ease. Booking conditions: - two months deposit - agency fees."
107149444,https://img4.idealista.com/blur/480_360_mq/0/id.pro.es.image.master/b5/5c/4f/1304471369.webp,LINK,,Eixample,La Dreta de l'Eixample,"$1,995",84,3,2,2,avenida Diagonal,41.3973113,2.1624903,https://www.idealista.com/inmueble/107149444/,"TEMPORARY RENTAL APARTMENT FROM 32 DAYS TO 11 MONTHS APARTMENT AVAILABLE NOW This wonderful 3-bedroom, 2-bathroom apartment is available for seasonal rental, offering 84 square meters of space. It is located in Eixample, an incredible area to live, a comfortable and cozy neighborhood for you to relax after a long day. Eixample is one of the largest neighborhoods in Barcelona, and besides its size, it also has several tourist sites such as: La Sagrada Familia, Casa Batlló, La Pedrera, Las Ramblas, Plaza Catalunya, and the Sants station. Just a few blocks from the apartment, you will find the Diagonal metro that will help you explore all of Barcelona. Inside the apartment, you will find a hallway that leads directly to the beautiful living room, which is equipped with a TV perfect for enjoying your free time and relaxing on the sofa. The kitchen is a closed space perfect for exploring your creativity. Cooking in it, you will find everything you need. You will also find three bedrooms, the first with a double bed, two nightstands, and a large wardrobe with a mirror to store your belongings. The second bedroom has a double bed, a dresser, and an open wardrobe, while the last room also has a double bed, two wardrobes, and a chair. The apartment is fully furnished and equipped with: air conditioning, heating, television, washing machine, and drying rack. The kitchen is well-equipped with a dishwasher, stove, oven, refrigerator, and microwave. The apartment has an elevator and an intercom. CONDITIONS: - 2 months deposit + agency fees - Justification of temporality."
98421419,https://img4.idealista.com/blur/480_360_mq/0/id.pro.es.image.master/d5/e5/28/1011644757.webp,LINK,,Ciutat Vella,El Gòtic,"$2,045",110,3,2,2,calle de les Moles,41.3861499,2.1721241,https://www.idealista.com/inmueble/98421419/,"SEASONAL RENTAL FROM 32 DAYS TO 11 MONTHS APARTMENT AVAILABLE ON 10.05 WIFI INCLUDED IN THE RENT This apartment is located at Carrer de les Moles, 08002, Barcelona, Barcelona, on the 2nd floor. It is an apartment that has 110 m2, of which 103 m2 are usable, and it has 3 bedrooms and 2 bathrooms. It has a fully equipped kitchen, is bright, furnished, has wifi, coffee maker, oven, courtesy toilet paper, washing machine, terrace, air conditioning, intercom, furnished kitchen, and bed linen. A home is a perfect space to strengthen our interpersonal relationships with those closest to us. That is why it is really important to have some common spaces within the apartment that invite us to stay and feel comfortable. In this seasonal rental apartment, you will have exactly that. The living-dining room has a beautiful window that illuminates the entire room as well as the kitchen. The living room sofa is large and perfect for watching television with family and friends. Additionally, with air conditioning and heating, as well as included wifi, you will always be comfortable at all times and in all climates. For a quiet meal, you will have both a nice and practical table in the living room and a bar that connects you to the semi-open kitchen. This kitchen is fully equipped. It has a microwave, oven, refrigerator, dishwasher, and ceramic hob. All the equipment is absolutely modern, as well as the furniture, which looks beautiful in that red color. The 3 bedrooms in the apartment are doubles and have a double bed perfect for resting. Two bedrooms also have a wardrobe that will provide all the storage space you will need, and one of them even has an exterior exit to breathe some fresh air. There is 1 full bathroom with a very practical full-size shower, although there is also another toilet to facilitate the routines of all the people. The rental apartment is located in one of the most desirable neighborhoods in the center of Barcelona, which is the Gothic Quarter. The best parts of Barcelona will be within your reach, and most of them just a short walk away. Beautiful areas like Las Ramblas, the Barcelona Cathedral, or the Mercat de la Boqueria, all close to the apartment! The metro, railways, trains, buses, and all the transport we will find at Plaça Catalunya will make your life very easy. Booking conditions - 2 months deposit - agency fees."
106341511,https://img4.idealista.com/blur/480_360_mq/0/id.pro.es.image.master/b2/93/14/1279920638.webp,LINK,,Ciutat Vella,Sant Pere - Santa Caterina i la Ribera,"$1,800",90,3,2,5,avenida de Francesc Cambó,41.3869715,2.1766397,https://www.idealista.com/inmueble/106341511/,"SEASONAL RENTAL Completely renovated brand new house of 90 square meters. It has 3 double bedrooms. This house has incredible views of the roof of the Santa Caterina market, open and clear views, facing south, giving it lots of natural light. The house has just been renovated with good quality materials. It consists of 2 bathrooms, 1 toilet and a full bathroom with shower. Brand new renovation, Air conditioning with heat pump, aluminum carpentry (double glazing). fully equipped kitchen (fridge, oven, washing machine and dishwasher). Building with elevator and concierge. Excellent location a few meters from Via Layetana and in front of the Santa Caterina market, an area with all services."
107189190,https://img4.idealista.com/blur/480_360_mq/0/id.pro.es.image.master/bf/f0/04/1305648551.webp,LINK,,Ciutat Vella,Sant Pere - Santa Caterina i la Ribera,"$1,750",91,3,2,2,calle de Jaume Giralt,41.3885202,2.1804792,https://www.idealista.com/inmueble/107189190/,"Floor 2nd, flat total surface area 91 m², usable floor area 83 m², single bedrooms: 1, double bedrooms: 2, 2 bathrooms, air conditioning (hot and cold), age over 50 years, built-in wardrobes, balcony, ext. woodwork (aluminum), internal carpentry (madera), kitchen (totalmente equipada), dining room (amplio de 6 puestos), state of repair: in good condition, community fees: incluídos en el precio del alquiler, furnished (totalmente), neighbours per floor: 1, floor no. : 1, facing northeast, automatic door phone, sunny, lands: cerámica, double glazing, exterior (con vistas a la calle), energy emission rate: D, 50, energy consumption rate: D, 150."
107590450,https://img4.idealista.com/blur/480_360_mq/0/id.pro.es.image.master/27/ca/f3/1316973007.webp,LINK,,Gràcia,Vila de Gràcia,"$2,100",55,3,2,1,Neighbourhood: Vila de Gràcia,41.4102118,2.1598892,https://www.idealista.com/inmueble/107590450/,"*FULLY FURNISHED APARTMENT* Fully furnished and equipped, this 3-bedroom, 2-bathroom apartment is located in one of the quietest and most residential areas of the Gràcia neighborhood. As part of Node Living, this apartment offers much more than a conventional rental: - Utilities (up to €100/month for electricity and water) - Bi-weekly cleaning - High-speed internet - On-demand maintenance - Access to Node events and community - Access to our Coworking space in Monumental, ideal for those who work from home. The apartment has a fully equipped open kitchen, integrated into a small but cozy living-dining room. One of the double bedrooms is exterior, with a balcony and ensuite bathroom, while the other has a gallery with a desk, ideal for working from home. The third bedroom has a single/double bed. All bedrooms include a wardrobe and a storage bed for extra storage. ***Conditions: - Minimum stay: 6 months (stays of 9 to 11 months are prioritized) - Only one month's deposit + the current month is required. Live in a space designed to connect, share and enjoy a unique rental experience. Book your stay and join the Node Barcelona community!"
107299281,https://img4.idealista.com/blur/480_360_mq/0/id.pro.es.image.master/06/49/ab/1333416083.webp,LINK,,Ciutat Vella,El Raval,"$2,100",63,3,2,3,calle de l'Est,41.3787326,2.1735437,https://www.idealista.com/inmueble/107299281/,"Upon entering this renovated and fully furnished property, the first thing you notice is the feeling of spaciousness and luminosity offered by the living-dining room, a completely open and modern space. We continue to the three double bedrooms. The first, exterior, opens onto a French balcony, a perfect corner to relax at any time of the day. The second, with a window, provides a tranquil and versatile atmosphere, while the third, interior and windowless, is completely adaptable to your needs, whether as an office, storage room or study area. The two full bathrooms, with a contemporary design, guarantee the comfort and functionality you are looking for. With a fully equipped kitchen, it not only has modern appliances, but also includes an integrated washer-dryer, making daily life much more comfortable, even on the rainiest days. We finish the tour on the two exterior balconies, practical as a clothesline or simply to enjoy the calm of the city. Every corner of this property has been carefully designed to offer you a functional, comfortable space ready to move into. Key details: • Location: Drassanes – Carrer de L'Est, Barcelona. • Temporary rental: Maximum 6 months. • 3rd floor without elevator. • Price: 2,100 Euros per month. Deposit of two months' rent. • Agency fees: To be paid by the tenant (equivalent to one month's rent + VAT). If you are looking for a practical, cozy place in an unbeatable location, this is the home you need! Contact us for more information."
88053710,https://img4.idealista.com/blur/480_360_mq/0/id.pro.es.image.master/7e/87/4a/737472136.webp,LINK,,Eixample,Sant Antoni,"$1,850",90,3,2,1,"calle d'Entença, 08015 Barcelona, 25",41.379193,2.1545987,https://www.idealista.com/inmueble/88053710/,"Available March 2025 **Charming City Retreat with Terrace Near Joan Miró Park** Discover your new home in this stunning 90 m² apartment, perfectly positioned just 50 meters from the vibrant Joan Miró Park. This spacious first-floor residence boasts three bedrooms, two of which feature double beds and air conditioning, ensuring comfort year-round. The third bedroom offers a cozy single bed and wardrobe, ideal for guests or a home office. With two full bathrooms, morning routines will be a breeze. The heart of the home is the integrated office space, seamlessly connected to a bright and airy living room. Step out onto the beautiful terrace directly from the dining room, perfect for al fresco dining or relaxing in the sun. The fully equipped kitchen is ready for your culinary adventures. Situated in a lively area with abundant gastronomic and university offerings, this apartment is also just 200 meters from Plaça Espanya, providing excellent public transport links. Enjoy shopping at Arenas Shopping Center, complete with boutiques and a rooftop view. Fully furnished and available immediately, this apartment is your gateway to city living at its finest. Don't miss the chance to call this well-connected, south-facing gem your home! Contact through a WhatsApp message to organize a viewing. MINIMUM STAY OF 32 NIGHTS TEMPORARY CONTRACT FOR VACATION REASON It is mandatory in this apartment: -Sign a rental contract on the day of arrival -Send a copy of your passport or identity card before the day of arrival -Provide a permanent residence address before the day of arrival -Provide the reason for the stay before the day of arrival. -Allow access to the Property to the Landlord, the Administrator, and the workers or industrialists sent by either of them, for the execution, inspection and verification of any kind of works or repairs that affect the Property or visits for future tenants."
107584321,https://img4.idealista.com/blur/480_360_mq/0/id.pro.es.image.master/7e/46/44/1316888497.webp,LINK,,Sants-Montjuïc,El Poble Sec - Parc de Montjuïc,"$1,900",55,3,2,4,Neighbourhood: El Poble Sec - Parc de Montjuïc,41.373969,2.1632474,https://www.idealista.com/inmueble/107584321/,"*FULLY FURNISHED APARTMENT* Discover this bright, renovated 3-bedroom, 2-bathroom apartment in the Poble Sec neighborhood. Fully furnished and equipped, this home combines comfort and functionality in one of Barcelona's most authentic areas. As part of Node Living, this apartment offers much more than a conventional rental: - Utilities (up to €100/month for electricity and water) - Bi-weekly cleaning - High-speed internet - On-demand maintenance - Access to Node events and community - Use of the Coworking space in Monumental, ideal for those who can telework in a dynamic environment. The apartment features a bright kitchen equipped with basic utensils and access to a balcony. The three bedrooms are designed for maximum comfort: one with a double bed and private balcony, and two with single beds. In addition, one of the single bedrooms has its own ensuite bathroom, providing greater privacy. ***Conditions: - Minimum stay: 6 months (stays of 9 to 11 months are prioritized) - Only one month's deposit + the current month's rent is required. Live in a space designed to connect, share and enjoy a different rental experience. Book your stay and join the Node Barcelona community!"
108055463,https://img4.idealista.com/blur/480_360_mq/0/id.pro.es.image.master/c9/76/27/1332491810.webp,LINK,,Eixample,Sant Antoni,"$1,990",109,3,2,bj,avenida del Paral·lel,41.3766829,2.1605668,https://www.idealista.com/inmueble/108055463/,"This spectacular apartment comes fully furnished and equipped, ready to move in. It features a spacious living-dining area and a cozy kitchen, both filled with natural light thanks to two exterior balconies. Upon entering the property, you'll find a versatile room with a single bed, ideal as either a bedroom or a home office. There is also a double bedroom and a master bedroom with an en-suite bathroom. Additionally, the property includes a laundry room equipped with a washing machine. Located right next to the Poble Sec metro station and just a 5-minute walk from Plaza España, it offers excellent connectivity and a prime location in the city."
92216009,https://img4.idealista.com/blur/480_360_mq/0/id.pro.es.image.master/d8/a7/b1/833880146.webp,LINK,,Horta Guinardó,El Baix Guinardó,"$1,500",65,3,2,st,calle de Santa Carolina,41.4111802,2.1699389,https://www.idealista.com/inmueble/92216009/,"***Available in July 2025. The apartment is very cozy and comfortable, it has 3 bedrooms. The first bedroom is furnished with a double bed, the second bedroom has 2 single beds, and the third bedroom is single. All rooms have wardrobes. The living room is equipped with a dining area for 4 people, a sofa and a TV. The open kitchen and bathroom are fully equipped. The apartment is in the basement but has a small interior patio."
107974941,https://img4.idealista.com/blur/480_360_mq/0/id.pro.es.image.master/38/11/39/1329939830.webp,LINK,,Ciutat Vella,El Raval,"$1,500",82,3,2,1,calle de Guàrdia,41.3785132,2.175769,https://www.idealista.com/inmueble/107974941/,"FANTASTIC TEMPORARY RENTAL OPPORTUNITY IN THE GOTHIC QUARTER. FROM 2 TO 11 MONTHS. NON-RENEWABLE CONTRACT. Charming renovated 80 m² apartment, fully exterior, located a few meters from Avenida Paral·lel and Barceloneta beach. Situated in a charming area with multiple possibilities. The apartment is distributed in 3 Double Bedrooms, 2 Bathrooms with shower, and Balcony. Very close to Las Ramblas and Pg de Colom, the Barcelona Aquarium, Maritime Museum and Rambla del Mar. Unbeatable location, surrounded by supermarkets, cafes and all kinds of services a short walk away. Excellent public transport connections. The nearest metro is the green line L3 (Paral·lel and Drassanes) and the purple line L2 (Paral·lel). There are also nearby bus stops 59, 120, V13, among others. Details: TV, Wardrobes, Central Heating and Air Conditioning throughout the apartment, Refrigerator, Vitroceramic hob, Washing machine, Extractor hood, Microwave, no oven. Building with Elevator. Furnished and Equipped. *WIFI included* NOTES: Rent from 2 to 11 months: Monthly rental price €1,500. Community fees, insurance and IBI are included in the rent. Agency fees, ITP, and water and electricity consumption are not included (provision of €200/month)."
25341144,https://img4.idealista.com/blur/480_360_mq/0/id.pro.es.image.master/cb/67/36/1332207975.webp,LINK,,Sarrià-Sant Gervasi,El Putxet i el Farró,"$1,600",110,3,2,2,ronda General Mitre,41.4038553,2.150123,https://www.idealista.com/inmueble/25341144/,"Excellent situation, Together Lesseps, inside the block, very quiet. 100m2 RENOVATED BATHROOMS AND KITCHEN, three bedrooms (one suite) and two bathrooms. Outside dining room to terrace. New kitchen and ironing room or cabinets. Parking space in the same building included. Gas heating. CONTACT THROUGH EMAIL FILLING IN THE FORM, please."
93813173,https://img4.idealista.com/blur/480_360_mq/0/id.pro.es.image.master/12/3e/77/872348806.webp,LINK,,Ciutat Vella,El Gòtic,"$1,750",120,3,2,en,"calle de los Lledó, 17",41.382193,2.179254,https://www.idealista.com/inmueble/93813173/,"****AVAILABLE IN JUNE 2025. The apartment has three bedrooms, all of them with a double bed. The kitchen is completely renovated, furnished and equipped as well as the rest of the house. Large living room that has a sofa, table, chairs, television. The apartment has two bathrooms. The house is in excellent condition and comes fully equipped."
89220227,https://img4.idealista.com/blur/480_360_mq/0/id.pro.es.image.master/ee/a6/0c/1334224409.webp,LINK,,Sants-Montjuïc,Hostafrancs,"$1,795",90,3,2,2,Neighbourhood: Hostafrancs,41.3769359,2.1472928,https://www.idealista.com/inmueble/89220227/,"IMPORTANT: THIS APARTMENT IS EXCLUSIVELY FOR TEMPORARY STAYS IN BARCELONA, WITH A MINIMUM STAY OF 32 DAYS AND A MAXIMUM OF 11 MONTHS. PLEASE NOTE THAT FOR BOOKINGS UNDER 6 MONTHS, THE PRICE MAY VARY. THIS ACCOMMODATION IS IDEAL IF YOU ARE COMING TO BARCELONA FOR TEMPORARY REASONS SUCH AS STUDIES, WORK, OR SHORT-TERM PERSONAL PROJECTS. YOU WILL NEED TO PROVIDE DOCUMENTATION THAT PROVES THE TEMPORARY NATURE OF YOUR STAY. Situated next to Plaza Espanya, you can find this cosy three bedroom apartment in the lively neighbourhood of Sants. With WiFi, air conditioning and central heating you have everything here to have an enjoyable and comfortable stay in Barcelona. The large living and dining room has a modern design and is ideal to relax and socialise in after a day in the city. With plenty of natural light coming in though the balcony. In the living room you will find a television and beanbags. In this comfortable area there is lots of space and it openly connects to the kitchen. The fully equipped kitchen makes for a great area to cook meals and socialise. The design of the kitchen continues the modern interior, that is seen throughout the apartment. In addition to this, you will find a microwave, oven and dishwasher as well as all the utensils you need to keep stocked up and have a go at making some Spanish inspired dishes. All three bedrooms offer modern, bright and spacious areas for you and your guests to have a comfortable stay in the city. The first bedroom has a double bed that is made up of two individual beds. The second compromises of a bunk bed, which is ideal for children. Lastly, the third bedroom offers two beds back to back, giving both guests here that bit of privacy. This apartment has two bathrooms for you and your guests to use. The first, larger bathroom is complete with bathtub, and has everything that you will need throughout your stay here. As for the second bathroom, there is a shower cubicle and washing machine, ideal for an apartment that lodges as many guests as this does. Being located next to Plaza Espanya gives you a chance to live in a lively area just away from the city centre. This apartment is just a 4 minute away from Arenas de Barcelona. This transformed bull ring is now a shopping centre that is perfect to spend a day at having some retail theraphy. Furthermore, you are just an 8 minute walk from the Montjuic Magic fountains, these are iconic in Barcelona, especially around winter when the light shows are on. This is also the location of the main firework displays at New Years, giving you the best views. You are also a 12 minute walk from Poble Espanyol a historic ´town´ where you can see architecture inspired by every region of Spain. There aren’t many better areas in Barcelona to stay than here. Metro: Plaza Espanya (L1, and L3) BEFORE BOOKING: We recommend visiting the apartment so that you can appreciate it in person. Although the dimensions are clearly indicated in the ad, the photos were taken with a wide-angle lens to better showcase the space, which may make it appear larger. Additionally, please note that the apartment has been enjoyed by several guests, so it may show some signs of normal wear and tear over time."
105173039,https://img4.idealista.com/blur/480_360_mq/0/id.pro.es.image.master/33/af/ea/1244033845.webp,LINK,,Ciutat Vella,El Gòtic,"$1,740",89,3,3,4,calle de la Canuda,41.3841923,2.1730158,https://www.idealista.com/inmueble/105173039/,"REF: 002559C MAXIMUM 11-MONTH SEASONAL RENTAL AVAILABLE FROM JUNE 16, 2025 Renovated and sunny 89m2 apartment in the Gothic Quarter. It has 3 spacious bedrooms, 2 full bathrooms, a toilet, an equipped kitchen, a pleasant and bright living/dining room, and several balconies. The apartment is very well located, close to La Rambla, Placa de Catalunya, and metro lines L1 and L3. FEATURES: Renovated and sunny 89m2 apartment in Ciutat Vella (the Gothic Quarter) - One suite with a full bathroom and access to a balcony - One double room with balcony access - A bright single room - A second full bathroom with shower - A toilet - An equipped and functional kitchen - A pleasant and bright living/dining room - Ducted air conditioning - Furnished - Close to La Rambla, Placa de Catalunya, and metro lines L1 and L3 SPECIFICATIONS: 4th floor, total surface area of 89 m², useful area of 82 m², single rooms: 1, double rooms: 2, 2 bathrooms, 1 toilet, air conditioning (cool), over 50 years old, balcony, kitchen, dining room, refurbished condition, furnished, security system, sunny, parquet floors, exterior, interior, energy emission level: F, 499, energy consumption level: G, 2554. LOCATION: The extraordinary value of the heritage concentrated in the Gothic Quarter has led to its specialization in the tertiary sector. In these streets where medieval palaces, historical monuments, museums, and residences alternate without order, the only common denominator is commerce, to the point that there is no other major retail activity center in all of Barcelona. The ensemble shares a labyrinthine layout on the map that translates into narrow streets, mostly pedestrian, dotted with squares and open spaces, with a lively atmosphere in the tourist center and quieter as you move away. The greatest of all is the Mediterranean lifestyle that the Romans of Barcino undoubtedly already enjoyed. In the Gothic Quarter, life is lived on the street, and the dining offer is unrivaled by the best areas of the city. ABOUT ALL4FLAT: We are a Real Estate agency located in Barcelona. Our work consists of helping in all the necessary procedures and stages for the intermediation of real estate properties. We have an extensive portfolio of products that include all types of real estate for purchase or rental. In addition, we offer quality complementary real estate services such as: partial or total renovations, vertical and/or horizontal administrations, financing solutions, insurance processing, and legal and tax advice. We offer professional services guaranteeing the quality and integrity of our service to achieve the company's success."
81425280,https://img4.idealista.com/blur/480_360_mq/0/id.pro.es.image.master/dd/30/f4/773740871.webp,LINK,,Ciutat Vella,El Raval,"$1,600",80,3,3,3,calle de Sant Vicenç,41.3809661,2.1652806,https://www.idealista.com/inmueble/81425280/,"Reference: T10623-1 MONTHLY RENTAL FROM 32 DAYS UP TO 11 MONTHS. MONTHLY RENTAL Beautiful flat for monthly rent on a medium-term let in the vibrant neighbourhood of Raval in the Ciutat Vella. This property is impressive and one that you can't help but fall in love with, its exposed brick walls, high ceilings with wooden beams and its space give it the warmth and comfort that will make you feel at home. It has three double bedrooms, three bathrooms with showers, a living room and fully equipped kitchen. It also comes equipped with air conditioning, heating, internet and a lift. The building is located in the historic centre of Barcelona in El Raval, this is a dynamic and multicultural neighbourhood. This area has a large number of bars, charming squares, restaurants, attractive cafes, and shops with unique details. The neighbourhood became famous for its galleries and art studios, bookstores and for being the home of the Museum of Contemporary Art (MACBA). The Raval has a lively day and nightlife. The central location of this neighbourhood will allow you to walk to different points of interest plus to tourist and commercial places, the nearest metro station is Sant Antoni L2. '."
81863810,https://img4.idealista.com/blur/480_360_mq/0/id.pro.es.image.master/d4/5d/fd/955954866.webp,LINK,,Ciutat Vella,El Gòtic,"$2,095",127,3,3,en,calle del Call,41.3816805,2.1745142,https://www.idealista.com/inmueble/81863810/,"Reference: I10795-4 SEASONAL RENTAL BETWEEN 32 DAYS AND 11 MONTHS. SEASONAL RENTAL Spacious and modern 127m² apartment with three large bedrooms and three bathrooms (two en suite) in the heart of the Born neighborhood. Located 20 meters from Sant Jaume square, where you will find Barcelona City Hall and the Palau de la Generalitat de Catalunya. The apartment is fully equipped and furnished so you don't have to worry about a thing when you arrive. It has high-speed internet."
108081067,https://img4.idealista.com/blur/480_360_mq/0/id.pro.es.image.master/b6/6d/fd/1333234637.webp,LINK,,Ciutat Vella,La Barceloneta,"$1,745",74,3,3,1,Neighbourhood: La Barceloneta,41.3807104,2.1866154,https://www.idealista.com/inmueble/108081067/,"First floor of 75 m2 approx. completely refurbished, equipped and furnished. It has 3 bedrooms (2 doubles and 1 single), kitchen, living-dining room, 2 bathrooms and balcony in each room. Very close to the beach! The property has an excellent location, situated in the neighbourhood of La Barceloneta, area with many shops and a great variety of leisure services (bars, restaurants,. ). It is a 5 minute walk from the beach, 2 minutes from the metro stop Barceloneta and the train station, and 10 minutes from the city centre. Availability: Immediate Conditions: Contract of habitual residence. [IW]."
108014427,https://img4.idealista.com/blur/480_360_mq/0/id.pro.es.image.master/40/95/6c/1331231185.webp,LINK,,Ciutat Vella,La Barceloneta,"$1,950",105,3,3,2,calle Joan Mirambell i Bertran,41.3805201,2.1909423,https://www.idealista.com/inmueble/108014427/,"Spectacular duplex for rent, located in the vibrant Barceloneta. With 105 m² built and 100 m² usable, this space has 3 large double bedrooms, ideal for enjoying comfort and rest. In addition, it has 3 bathrooms, 2 of them complete and an additional one for guests, guaranteeing privacy and functionality for everyone. The modern kitchen is fully equipped, perfect for gastronomy lovers. The bright and cozy living-dining room offers access to a balcony where you can enjoy the fresh air and city views. Each room has built-in wardrobes and a television, providing a practical and comfortable space. This duplex also has an elevator and air conditioning, ensuring your comfort throughout the year. Its excellent location allows easy communication with the rest of the city, ideal for those seeking a dynamic lifestyle. The rental is temporary and begins on May 31, 2025. Don't miss the opportunity to schedule a visit and discover everything this wonderful duplex has to offer. Your new home in Barceloneta is waiting for you!"
104908034,https://img4.idealista.com/blur/480_360_mq/0/id.pro.es.image.master/dd/ed/1f/1235649729.webp,LINK,,Eixample,El Fort Pienc,"$1,900",94,3,3,1,Neighbourhood: El Fort Pienc,41.3971895,2.1768597,https://www.idealista.com/inmueble/104908034/,"SEASONAL RENTAL. CONTRACTS ARE NOT RENEWED. ENTRY: MAXIMUM JUNE 2025 Beautiful newly renovated apartment in the center of Barcelona, near the Sagrada Familia. It has a spacious living-dining room with large windows, a fully equipped independent kitchen, three double bedrooms en suite with a full bathroom. Building with elevator and porter service. DETAILS: Heating, air conditioning, parquet flooring, oven, dishwasher, refrigerator, kitchenware, cooking utensils, crockery, cutlery, glassware, washing machine, clothesline, bed linen. Building with elevator and porter service. NOTES: It is rented for rental periods of 5 months to 11 months. Monthly rental price €1,900 per month. The community fees, insurance and IBI are included in the price. Agency fees, ITP, and water, electricity and gas consumption are not included (supply provision: €200/month)."
102811232,https://img4.idealista.com/blur/480_360_mq/0/id.pro.es.image.master/89/bb/8a/1214690167.webp,LINK,,Ciutat Vella,La Barceloneta,"$1,745",74,3,3,1,Neighbourhood: La Barceloneta,41.3813898,2.1899878,https://www.idealista.com/inmueble/102811232/,"First floor of 75 m2 approx. completely refurbished, equipped and furnished. It has 3 bedrooms (2 doubles and 1 single), kitchen, living-dining room, 2 bathrooms and balcony in each room. Very close to the beach! The property has an excellent location, situated in the neighbourhood of La Barceloneta, area with many shops and a great variety of leisure services (bars, restaurants,. ). It is a 5 minute walk from the beach, 2 minutes from the metro stop Barceloneta and the train station, and 10 minutes from the city centre. Availability: Immediate Conditions: Contract of habitual residence. [IW]."