propertyCode,Link,district,neighborhood,price,size,bed,br,floor,address,latitude,longitude,x,y,url,description,scraped_at
109696793,LINK,,,"1,199,000 €",164.0,3.0,2.0,1.0,Flat / apartment for sale in Calle d'Aragó,,,,,https://www.idealista.com/en/inmueble/109696793/,"FOR SALE: Amazing and bright renovated modernist apartment with terrace in the Eixample. This exceptional property FOR SALE is located on the “Principal” (first) floor, the most distinguished level, of a listed Modernist building near Passeig de Sant Joan, in the Eixample district. The high-end renovation, completed just two years ago, enhances the elegance and beauty of its original features such as the Nolla mosaic hydraulic floors, high ceilings with moldings, and the Catalan vaulted ceiling. The apartment offers 136 built interior sqm and 27 sqm of exterior areas, including a 24.85 sqm terrace and a 2.2 sqm balcony. Thanks to its high ceilings and dual orientation, it enjoys abundant natural light throughout the day. A spacious entrance hall leads to the left into the stunning day area, composed of two connected spaces: a living room and a dining area with an open kitchen — perfect for both everyday living and entertaining. The living room features an elegant glazed gallery and a balcony overlooking the street. The night area consists of three bedrooms. The main suite exudes distinction and tradition, with a Catalan vaulted ceiling and a dressing area with glass doors, as well as a private en-suite bathroom. Next to it, there is another double bedroom with a study area. Both rooms have access to the wonderful terrace overlooking the block courtyard, very sunny in the morning thanks to its southeast orientation. This will be your urban oasis, perfect for relaxing, enjoying breakfast, or spending time with family and friends. In the central part of the apartment, there’s a medium-sized bedroom, a separate bathroom, and a laundry area. The apartment is equipped with top-quality materials and finishings: parquet flooring, ducted hot/cold air conditioning, decorative fireplace in the living room, triple-glazed windows for excellent sound and thermal insulation, and integrated Bosch appliances. The terrace features an electric awning and an outdoor bathtub. The building also has an elevator. Here, you can enjoy the best of the Eixample and the Quadrat d’Or, just a few steps away, with their wide range of shops, restaurants, cultural venues, and services. You can stroll along the lively Passeig de Sant Joan or the new pedestrian Consell de Cent Street, and easily reach any part of the city by public transport. If you’re looking for the perfect balance between Barcelona’s classic charm and modern comfort and elegance, this is your home. Don’t hesitate to contact Bcn Advisors to arrange a visit. See complete comment",2026-04-17T17:04:12+00:00
110509586,LINK,,,"545,000 €",80.0,2.0,2.0,4.0,Flat / apartment for sale in Calle de Tamarit,,,,,https://www.idealista.com/en/inmueble/110509586/,We present this completely renovated apartment of great quality the apartment consists of two bedrooms two bathrooms with a large living room with open kitchen overlooking the street with air conditioning heating.,2026-04-17T17:04:56+00:00
110630744,LINK,,,"1,390,000 €",139.0,3.0,3.0,3.0,Flat / apartment for sale in Calle del Consell de Cent,,,,,https://www.idealista.com/en/inmueble/110630744/,"Excellent renovated apartment with original features FOR SALE in the Eixample. This flat FOR SALE is located in a stately building that was completely renovated in 2022 with new luxury homes, so it's in excellent condition. It's located on the intersection of Consell de Cent and Girona streets, both of which are pedestrianised, in the heart of the Eixample, next to Paseo Sant Joan and a few streets away from Paseo de Gracia and the city centre. The flat is on the real third floor of the building. It has 137 built interior sqm and 2 balconies totalling 4 sqm. It has a spacious entrance hall that clearly divides the day and night areas. The large living-dining room, with an open-plan kitchen, is very bright and has access to 2 balconies facing the street. The kitchen is equipped with high-end appliances. The night area consists of the master bedroom with en-suite bathroom, dressing room and access to a wonderful gallery; 2 double bedrooms sharing a separate bathroom, and a toilet. The bathrooms include top brand sanitary ware and taps. There is also a laundry area. The flat was completely renovated in 2022 with high-quality materials and new installations. Highlights include natural oak herringbone flooring in the main rooms, porcelain flooring in the bathrooms, radiator heating, Mitsubishi ducted air conditioning, radiator heating and LED lighting. In addition, beautiful original features have been preserved, such as Catalan vault in the gallery, wooden beams on the living room ceiling, white lacquered interior doors and shutters. The building retains the original features of its era, such as the façade and the balustrade in the common areas. It's surrounded by a multitude of services, shops, boutiques, leisure facilities, private schools, prestigious institutions and public transport options. This is a unique opportunity to live in a practically new flat with excellent qualities and the renowned architectural tradition of Barcelona, in a central area with the city at your feet but quiet at the same time. Do not hesitate to contact Bcn Advisors to visit this property. On our website you will find many more properties than those published here and we also have an extensive private catalogue of properties that may fit what you are looking for. See complete comment",2026-04-17T17:05:19+00:00
110063350,LINK,,,"2,200,000 €",271.0,3.0,3.0,1.0,Flat / apartment for sale in Calle de Girona,,,,,https://www.idealista.com/en/inmueble/110063350/,"Stunning refurbished modernist apartment with a large terrace in Eixample. This magnificent property is located in one of the most coveted streets in Eixample's right side, the prestigious Girona street. Located in a regal late 19th century estate, this property enjoys a privileged location in an area that will soon become an exclusive pedestrian promenade. It is also just a few steps away from Plaza Catalunya and Paseo de Gracia. The aparrment has been carefully refurbished to combine the splendour of modernism with the comfort and sophistication of contemporary design. The high ceilings with original mouldings and the carefully restored Nolla mosaic floors reflect the historical character of the property, while its layout and finishes guarantee maximum comfort. The flat has 184 built interior sqm and a total of 173 sqm of exterior space. It's on the ""Principal"" first floor, the most noble one. The living room, spacious and bathed in natural light, opens onto a charming porch that leads to a spectacular 145 sqm private terrace facing southwest. An urban oasis where you can enjoy the Mediterranean sun all day long, ideal for both relaxing moments and outdoor gatherings. The open concept kitchen is a space that combines functionality and style. Equipped with top-of-the-range panelled appliances, it has a large central island. In addition, there is a fully integrated laundry area and utility room. The night area offers 3 bedrooms, including an impressive master suite with original coffered ceilings and restored Nolla mosaic floors, a true homage to Barcelona's modernism. Two additional double bedrooms, an elegant full bathroom and a guest toilet complete this area. The master bedroom and another bedroom have access to a 5.5 sqm balcony overlooking the street. The bathrooms have been designed with a sophisticated style and the highest quality materials, achieving a perfect balance between historical charm and contemporary aesthetics. In addition, the property has several interior courtyards that bring light to all the spaces and a multipurpose room of 9.5 sqm on the terrace, ideal for transforming it into an additional bathroom or a summer kitchen. The property is equipped with ducted hot/cold air conditioning and heating radiators. Living in this apartment means enjoying one of the most emblematic and elegant areas of Barcelona. The wide avenues, modernist architecture and proximity to Paseo de Gracia create an exclusive environment. The area offers excellent connectivity, luxury boutiques, fine dining restaurants and all the essential services: supermarkets, schools, medical centres and gyms. Do not hesitate to contact Bcn Advisors to visit this flat. On our website you will find many more properties than those published here and we also have an extensive private catalogue of properties that may fit what you are looking for. See complete comment",2026-04-17T17:05:57+00:00
110182478,LINK,,,"2,195,000 €",221.0,5.0,3.0,5.0,Flat / apartment for sale in Calle de Mallorca,,,,,https://www.idealista.com/en/inmueble/110182478/,"Outstanding brand new apartment in a stately building next to Paseo de Gracia. This wonderful flat has been completely refurbished with top-quality materials and finishings, maintaining the beauty of its original architectural features. It's in one of the most sought-after locations in Eixample's right side, just one block from Paseo de Gracia and very close to Rambla Catalunya and Avenida Diagonal. The property is on the real fifth floor of a century-old building with a lift and a concierge. It has 201 built interior sqm and a 4.35 sqm balcony (221 sqm according to the Land Registry, including common elements). The impressive 60 sqm living area is a space that adapts to all your needs to offer you maximum comfort in your daily life. It is very quiet because it overlooks the block courtyard and is bright thanks to its height. It allows you to differentiate between the living room and dining room areas and also has two galleries to create a more relaxed atmosphere. The open-plan kitchen is fully equipped with high-end appliances (including a wine cooler) and has a high table. The living area is completed by an open studio, ideal for setting up an office and teleworking, and a laundry room next to the kitchen. The night area is headed by an impressive en-suite bedroom with a walk-in wardrobe, private bathroom and access to the balcony. There is also a double bedroom with access to the balcony, another interior double bedroom and a medium-sized interior bedroom. Finally, there are two separate bathrooms with Italian taps by Zanetti Chini, one with a bathtub and the other with a shower. The finishings and the interior design of this flat are absolutely fabulous, highlighting the beautiful Catalan vaulted ceiling in the living room and main bedrooms. The flat is equipped with natural wood herringbone parquet flooring, ducted air conditioning, natural gas radiators and built-in wardrobes. The price also includes a storage room on the rooftop of the building. The area surrounding this flat offers all kinds of services, shops, designer boutiques, restaurants and public transport options. A beautiful setting where the modernist buildings convey the purest essence of living in Barcelona. Do not hesitate to contact Bcn Advisors to visit this property. On our website you will find many more properties than those published here and we also have an extensive private catalogue of properties that may fit what you are looking for. * The listed price does not include taxes (ITP or VAT, as applicable, and AJD where applicable), as well as notary fees, land registry fees, administrative costs, and any other expenses arising from the transaction, all of which shall be borne by the buyer. See complete comment",2026-04-17T17:06:22+00:00
106144229,LINK,,,"1,460,000 €",248.0,4.0,4.0,3.0,Flat / apartment for sale in La Dreta de l'Eixample,,,,,https://www.idealista.com/en/inmueble/106144229/,"Stunning and spacious brand new refurbished apartment in the centre of Barcelona. This wonderful flat has an enviable location in Barcelona, just one street away from Plaza Catalunya and Paseo de Gracia. You will be able to enjoy the charm of the Eixample and all the advantages of the city centre, with the best range of services, shops, theatres, prestigious institutions and public transport in the whole of Barcelona. The flat has been refurbished brand new and maintains beautiful original elements such as the Catalan vault in the ceilings and exposed brick walls. It has 248 built sqm surface area and is on the real 3rd floor of a classic building with lift, concierge and commmunal terrace. A large entrance hall welcomes us to the apartment. The impressive living-dining room with open kitchen has a surface area of 67 sqm plus a 20 sqm gallery with large windows overlooking the block courtyard. This allows you to enjoy a large space that is cosy, bright and quiet, creating different atmospheres to your liking. The high ceilings enhance the feeling of calm and spaciousness. The designer kitchen has a central island and is fully equipped with top of the range home appliances. The night area has 4 bedrooms, 2 of which are en-suite with a dressing room and en-suite bathroom. The master suite occupies one end of the flat and faces the street. The second suite is next to the living room and has a gallery overlooking the block courtyard. The other 2 bedrooms (one double and one medium-sized) are interior but bright. Finally, there's a separate bathroom. The property is equipped with parquet floors and ducted aerothermal system for air-conditioning. Do not hesitate to contact Bcn Advisors to visit this flat. On our website you will find many more properties than those published here and we also have an extensive private catalogue of properties that may fit what you are looking for. See complete comment",2026-04-17T17:07:01+00:00
109488303,LINK,,,"1,790,000 €",199.0,3.0,3.0,1.0,Flat / apartment for sale in Calle de Girona,,,,,https://www.idealista.com/en/inmueble/109488303/,"This comment was automatically translated and may not be 100% accurate. See description in the original language Newly renovated exterior apartment with balcony on calle Girona, Eixample. Nobohome, a boutique property developer in Barcelona and the Costa Brava, is the owner of the following property for sale: A stunning 183 m2 apartment on the 3rd floor that enjoys abundant natural light due to several balcony doors that look over calle Girona. Newly renovated and designed. The open-plan kitchen and dining area seamlessly connect to the living room, that has its own bar / pantry with 2 wine fridges and a second dish washer. The veranda attached to the kitchen is a great spot for a morning coffee. The home offers furthermore three spacious bedrooms and a total of three bathrooms, providing both privacy and comfort. The master bedroom has its own large balcony. Premium finishes, oak flooring and high-end materials define every detail of this home, combining timeless elegance with contemporary design. Large windows and high ceilings create a sense of openness and luminosity that perfectly complements the architectural beauty of the building. This property represents an opportunity to acquire a fully renovated, move-in-ready home in one of Barcelona’s most desirable locations—ideal for those seeking space, light, and modern luxury in the heart of the city. Price: 1.790. 000€. See complete comment",2026-04-17T17:07:44+00:00
110055339,LINK,,,"960,000 €",114.0,3.0,2.0,7.0,Flat / apartment for sale in Calle del Comte d'Urgell,,,,,https://www.idealista.com/en/inmueble/110055339/,"This comment was automatically translated and may not be 100% accurate. See description in the original language We present this spectacular, fully renovated apartment with high-quality finishes and located just a few meters from Francesc Macià, one of the most valued areas of Barcelona. Surrounded by shops, services, restaurants, and excellent public transport connections, this apartment offers comfort and style in a privileged environment. The property has a spacious and bright 30 m2 living-dining room with direct access to a fully equipped modern kitchen, accompanied by a practical gallery. The sleeping area consists of three bedrooms: an elegant suite, a double bedroom, and a single bedroom, all designed to offer comfort and functionality. It also has ducted air conditioning throughout the apartment and a large terrace, ideal for enjoying the outdoors, creating a chill-out space, or sharing moments with family and friends. Located next to Diagonal and Turó Park, this apartment represents a unique opportunity for those looking for a modern, comfortable home in an unbeatable location. Don't miss this opportunity and contact us without obligation. See complete comment",2026-04-17T17:08:29+00:00
111026222,LINK,,,"2,700,000 €",241.0,3.0,4.0,1.0,Flat / apartment for sale in Calle de Roger de Llúria,,,,,https://www.idealista.com/en/inmueble/111026222/,"This comment was automatically translated and may not be 100% accurate. See description in the original language Exclusive luxury apartment in the El Quadrat d'Or of Eixample Located in the heart of the prestigious Eixample Right, within the coveted El Quadrat d'Or, this exceptional apartment represents the essence of Barcelona's most sophisticated lifestyle. With a privileged position at the intersection of Calle Provença and Carrer de Roger de Llúria, the home enjoys extraordinary luminosity and open views that enhance its unique character. Elegance, Light, and Architecture The property features three elegant French windows facing Provença and four majestic curved windows on the corner, which provide a singular architectural charm and an abundant influx of natural light throughout the day—both on the main and rear facades. The impressive 4-meter high ceilings amplify the sense of spaciousness and sophistication, creating spaces that evoke the grandeur of an urban palace. Sustainable Integral Renovation The apartment has been completely renovated with a sustainable approach, combining energy efficiency, high-quality materials, and contemporary design, while respecting the stately character of the building. Exceptional Layout From a spacious and elegant hexagonal entrance, equipped with a generous walk-in closet and a guest toilet, you access the spectacular living area. The main space—an impressive living-dining room with an integrated kitchen of approximately 80 m²—offers a unique experience: spaciousness, light, and a high-level interior design that conveys luxury and comfort in every detail. The kitchen, made of refined walnut wood, is fully equipped with SMEG appliances, while the living and dining rooms have been carefully designed and furnished by Nobohome, providing a contemporary and elegant aesthetic. Night Zone The home has three spacious bedrooms: * An elegant suite accessible from the living room, with a private bathroom, walk-in closet, and an exclusive ""beauty nook."" * A spacious master suite at the rear, with a walk-in closet and en-suite bathroom. * A third bedroom with its own walk-in closet and a full bathroom located opposite it. Each space has been designed to offer privacy, comfort, and functionality, maintaining a coherent and refined aesthetic. A Unique Experience in Barcelona This property represents the best of the Barcelona lifestyle: light, elegance, privileged location, and an exceptional level of finish. An apartment where every day is lived as an experience. We will finish the apartment in late April, early May. Visits can be requested, with the understanding that some details are still pending. See complete comment",2026-04-17T17:08:59+00:00
110823853,LINK,,76.0,"2,150,000 €",183.0,3.0,3.0,3.0,"Flat / apartment for sale in Calle de Pau Claris, 76",,,,,https://www.idealista.com/en/inmueble/110823853/,"Nestled in the vibrant heart of Barcelona's historic and elegant Eixample district, this exquisite residential apartment combines the charm of the past with the sophistication of today. The property, originally built in 1900 and meticulously refurbished in 2023, spans 183 square meters and features three bedrooms, each with its own en-suite bathroom, ensuring privacy and comfort. Inside, the property features an open plan kitchen with stylish integrated units, which are beautifully complemented by the rustic charm of the original wooden floors and high ceilings. Central electric and geothermal heat pump options ensure year-round climate control, while south-facing windows flood the space with natural light and offer picturesque views of one of Eixample's main streets. Located moments from cultural beacons, the bustling city center, top-notch restaurants and essential public transportation services, this property is perfectly positioned in the center to enjoy the art and culture that Barcelona has to offer. Nearby, you'll find renowned schools and healthcare facilities, enriching residents' lives with unparalleled sophistication and urban amenities. Just steps away from the apartment are both Paseo de Gracia and Plaza Catalunya. La Dreta de L’Eixample begins in Plaça de Catalunya and its central axis revolves around the Passeig de Gràcia and the Cuadrat d’Or. It is delimited from the busy Calle Balmes to the renovated Passeig de Sant Joan and from the commercial Ronda Sant Pere to the convenient Avinguda Diagonal. It is one of the most expensive and exclusive neighborhoods in Barcelona, along with Pedralbes and Sarrià-Sant Gervasi. It is impossible not to make reference to the luxury of Passeig de Gràcia, with the boutiques of the most exclusive brands in the world, or to the stores on La Rambla de Catalunya. However, the rest of its streets are as or more interesting. In them resided part of the Catalan textile bourgeoisie of the early twentieth century, which has left its mark on the spectacular royal estates and modernist houses designed by the most famous architects of the time, as the Pedrera or Casa Batlló of the great Antoni Gaudí. As a result, the characteristic homes of this neighborhood are spacious apartments with high ceilings, moldings, elaborate flooring and balconies. Many buildings and apartments preserve this original architectural heritage and it is possible to find recently remodeled apartments, penthouses, lofts and even studios, which revive these elements, as well as apartments with a lot of potential to be reformed. This side of L’Eixample is equipped with all kinds of services and stores, as well as educational centers, mainly state-subsidized and private schools. You will find it very easy to move around on foot or through the public transport connections to the most expensive stores and restaurants in the city. The Eixample Dreta is the best neighborhood if you want to admire and live in the noble zone of the fascinating Catalan modernism, to reside in one of its characteristic regal estates, and to coexist in perfect balance with the vibrant and luxurious commercial life. It is ideal if you want to walk every day through its wide and tidy streets, with easy transport connections, have all kinds of services and facilities available, including arranged or private schools, and enjoy the most chic, cultural and cosmopolitan atmosphere in Barcelona. See complete comment",2026-04-17T17:09:30+00:00
108818765,LINK,,,"2,500,000 €",275.0,4.0,4.0,3.0,Duplex for sale in Calle de la Diputació,,,,,https://www.idealista.com/en/inmueble/108818765/,"This duplex penthouse for sale in the Dreta de l’Eixample district offers 221m² of living space and an impressive 100m² private terrace. The property combines the classic essence of Barcelona architecture with an elegant and functional contemporary style. Located in one of the city's most sought-after areas, the apartment has been designed to offer spacious, bright, and comfortable living spaces, seamlessly integrating indoor living with the enjoyment of the outdoors thanks to its large terrace accessible from the living area. The property features three double en-suite bedrooms, all exterior-facing and with full bathrooms, as well as an open-plan study area that connects to the upper terrace via a designer staircase. The master suite includes a dressing room, freestanding bathtub, separate shower, and balcony, providing spaciousness and light. The other two suites have built-in wardrobes and full bathrooms. The living area comprises a large living-dining room with an open-plan kitchen and six balconies that ensure constant natural light. High-quality finishes include herringbone wood floors, handcrafted ceramic window frames, built-in wardrobes with decorative panels, and a smart lighting system that enhances the warmth of each room. The location is unbeatable: situated in the Dreta de l’Eixample district, just steps from Passeig de Gràcia, surrounded by amenities, shops, restaurants, and transport links that provide easy access to the rest of the city. This area combines architectural heritage, high-quality urban living, and proximity to Barcelona’s main commercial and cultural thoroughfares, making this property an ideal option for both living and real estate investment. At Walter Haus, we understand that finding the perfect home is more than just an investment: it’s about finding that place that fits your lifestyle. Discover our properties by visiting our website and explore all the exclusive properties that only Walter Haus has to offer. Contact us for more information! See complete comment",2026-04-17T17:12:04+00:00
106058470,LINK,,,"2,500,000 €",274.0,4.0,4.0,5.0,Penthouse for sale in Calle de la Diputació,,,,,https://www.idealista.com/en/inmueble/106058470/,"Renovated penthouse with terrace in Eixample This stunning penthouse situated in a corner building features three en-suite bedrooms and an extra studio, as well a private rooftop terrace of 100 sqm connected directly from the flat. This classic Eixample corner building has undergone an extensive renovation and features well-executed interior details that blend a traditional style with contemporary esthetics. Upon entering the flat, we find a spacious and open living room, dining area and kitchen area that is ideal for entertaining. The master suite features a large soaking tub, a separate walk-in shower, a big dressing room, and direct access to a light filled balcony in the back of the property. The strategic location of the property on a corner affords excellent views of the historic buildings nearby as well as views towards the Mediterrean sea. With eight exterior facing balcony doors, the home has an excellent amount of natural light throughout the day. For the evening, expertly designed interior lighting creates varied zones of lighting that create a sense of calm and elegance. The combination of interior design details and resourceful use of each square meter set this property apart. The flooring features chevron patterned wood floors, bordered with tile that compliment the unique shapes of each space. Built-in wardrobe cabinets in the bedrooms coordinate with wall panel systems, adding a level of elegance throughout the homes. The ducted air conditioning is cleverly concealed, while wall radiators recall the historical aspect of this classic Modernist building. This property is an excellent investment for those looking for a classic Barcelona flat in a building with less maintenance due to the recent complete renovation. Located in the heart of Barcelona’s central district, Eixample, this property is located just near the leafy avenue of Passeig de Sant Joan. Barcelona’s premier shopping avenue, Passeig de Gràcia is a short 8 minute walk. In the immediate area, there is a wide range of both local and international cafes, restaurants and boutiques at your doorstep. Barcelona’s geographical position is a primary aspect that draws global visitors to call this home. Bordered by the Mediterranean Sea and its miles of coastline, the city benefits from a temperate climate year-round, as well as the seafood that inspires the renowned culinary scene. Additionally, the proximity to the mountains allows for winter sports activities within a two-hour drive from the city. From the aspect of infrastructure, Barcelona has transformed since the Olympic Games in 1992, becoming a major hub for start-ups and technological innovation. See complete comment",2026-04-17T17:12:28+00:00
110975491,LINK,,15.0,"2,900,000 €",330.0,7.0,4.0,5.0,"Duplex for sale in Calle d'Anglí, 15",,,,,https://www.idealista.com/en/inmueble/110975491/,"Duplex penthouse with terrace located in Tres Torres a house of great amplitude with large and well distributed rooms that allows to update each space and take advantage of its size, brightness and functionality for a comfortable and practical use. The main floor offers a spacious lobby that connects to a spacious day area consisting of a bright living room a separate dining room and a good size kitchen with laundry area pantry and a service bedroom with its own bathroom all organized to facilitate circulation and daily use. On this same floor are the master suite, two other suites and several double bedrooms accompanied by an additional bathroom and a toilet next to the lobby creating a complete and functional plant with large and well-defined spaces. The upper floor incorporates three bedrooms, a bathroom and two multipurpose rooms that can be used as an office, games room, studio or gym, one of them with access to a terrace that adds a private and adaptable outdoor space. The upper floor ends with a large solarium terrace that offers wide views incorporating porch and barbecue area and creating an ideal outdoor area to take advantage of the outdoor space. The property has seven bedrooms four bathrooms one toilet several living areas three terraces three parking spaces in the same building and a large storage room offering a solid opportunity in one of the most valued areas of Barcelona with room to customize each environment according to the needs of the buyer. The district of the Tres Torres is located in the high zone of Barcelona between Sarrià, La Bonanova and Sant Gervasi. It has three areas that are distinguished from each other: The high part, above the Via Augusta; Nena Casas, between Via Augusta and Ronda del General Mitre; and the area of Can Ràbia, below the Rda General Mitre. It is an elitist, elegant, quiet, luxurious and clean residential neighborhood mainly made up of spacious and comfortable luxury apartment blocks. They usually have several rooms, large living rooms, kitchens, gardens and terraces. Its buildings have all the comforts as services of doorman, gardener, communal areas, swimming pool, gym and children’s areas. You can also find a few towers or luxurious or modest villas from the 20th century. The price of the properties is high according to the high level of the residents of the neighborhood. Its streets are very quiet, wide and tree-lined. Unlike other neighborhoods, its slums are not crowded with stores. The commercial activity is concentrated in the Mercado de las Tres Torres, El Corte Inglés and the Illa Diagonal, as well as exclusive stores and offices towards the Avenida Diagonal. There are exclusive medical centers and private schools worthy of the second highest per capita income neighborhood in the city, only behind the Pedralbes neighborhood. It is connected by several bus lines and the Ferrocarril de la Generalitat. The Three Towers neighborhood is your ideal neighborhood if you want to live in one of the most prestigious areas of the city, in a relatively modern, fairly quiet and safe neighborhood. If you are looking for a luxury, elegant and exclusive property in accordance with your lifestyle, space needs and comfort with all the necessary services. See complete comment",2026-04-17T17:13:00+00:00
110437931,LINK,,22.0,420.000 €,73.0,,,,"Piso en venta en Calle President Lluís Companys, 22",,,,,https://www.idealista.com/inmueble/110437931/,"Presentamos esta magnífica vivienda de obra nueva situada en el corazón de Santa Coloma de Gramenet, donde diseño, confort y ubicación se combinan a la perfección. La propiedad dispone de 70 m² construidos, distribuidos en 2 habitaciones, con una cuidada distribución que optimiza cada espacio y aporta luminosidad y funcionalidad a la vivienda. Como elemento verdaderamente diferencial, destaca su extraordinaria terraza de 120 m² a nivel de piso, un espacio único que invita a disfrutar del exterior con total privacidad, ideal para crear distintos ambientes y convertirla en una auténtica prolongación del hogar. El edificio, de reciente construcción, cuenta con ascensor y piscina comunitaria, ofreciendo un estilo de vida cómodo y actual. Ubicada en pleno centro, la vivienda goza de una excelente conexión con todos los servicios, comercios y transporte, garantizando una vida práctica sin renunciar a la tranquilidad. Una propiedad singular, pensada para quienes valoran la calidad, el diseño y los espacios exteriores. Leer comentario completo",2026-04-17T17:14:20+00:00
109853125,LINK,,96.0,242.000 €,60.0,,,,"Piso en venta en Pasaje Salut, 96",,,,,https://www.idealista.com/inmueble/109853125/,"En una de las zonas más emblemáticas de Badalona se alza Residencial Passeig de la Salut 96, una promoción exclusiva de 10 viviendas concebidas para disfrutar de la vida urbana con tranquilidad, elegancia y confort. El edificio combina una arquitectura contemporánea con materiales de primera calidad y una cuidada atención al detalle, ofreciendo hogares luminosos, sostenibles y llenos de estilo. El proyecto se compone de dos viviendas en planta baja con amplias terrazas privadas, perfectas para crear un oasis exterior en plena ciudad; cuatro viviendas en la primera planta, dos con terraza y dos con balcón; y cuatro en la segunda planta, de las cuales dos son dúplex que combinan amplitud y diseño, mientras las otras dos disfrutan de balcón. Todas disponen de dos habitaciones y un baño, con distribuciones prácticas y confortables. Su fachada, de líneas limpias y materiales nobles, refleja un diseño innovador y eficiente. Gracias al sistema SATE de aislamiento térmico y acústico, cada vivienda garantiza confort durante todo el año, reduciendo el consumo energético y ofreciendo un ambiente silencioso y saludable. En el interior, la calidad se percibe en cada detalle: suelos de tarima flotante FINSA AC5, pintura ecológica RAL 9003 Ecolabel, carpintería lacada en blanco y amplios ventanales que inundan los espacios de luz natural. Los baños, con sanitarios ROCA, grifería monomando y revestimientos porcelánicos de diseño, combinan estética y funcionalidad. Las cocinas están completamente equipadas con electrodomésticos AEG o equivalentes, encimeras porcelánicas de altas prestaciones y mobiliario moderno en acabado mate o brillante. Un espacio pensado para disfrutar, donde diseño y practicidad se unen con armonía. El confort se completa con climatización por conductos, bomba de calor A+ para agua caliente, emisores térmicos con control Wi-Fi y una instalación eléctrica de alto nivel, cumpliendo los más exigentes estándares de eficiencia. Las carpinterías exteriores de aluminio con rotura de puente térmico y vidrio GUARDIAN SUN aseguran aislamiento y luminosidad, mientras las persianas de aluminio inyectado aportan durabilidad y estética. Residencial Passeig de la Salut 96 representa una oportunidad única para quienes buscan un hogar con alma, donde cada espacio invita al bienestar. Su ubicación, a pocos minutos del centro y de la playa, combina el dinamismo de la ciudad con la serenidad de un entorno residencial. Un edificio elegante, actual y sostenible, que redefine el concepto de hogar urbano. Residencial Passeig de la Salut 96: diseño, confort y calidad en perfecta armonía, en el corazón de Badalona. Leer comentario completo",2026-04-17T17:14:28+00:00
110897278,LINK,,3.0,,,,,,"Flat / apartment in Calle Maternitat D’elna, 3",,,,,https://www.idealista.com/inmueble/110897278/,,2026-04-17T17:14:38+00:00
110971923,LINK,,56.0,,,,,,"Flat / apartment in Riera De La Creu 54, 56",,,,,https://www.idealista.com/inmueble/110971923/,,2026-04-17T17:14:45+00:00
110975132,LINK,,144.0,,,,,,"Detached house in Avenida Mas Fuster, 144",,,,,https://www.idealista.com/inmueble/110975132/,,2026-04-17T17:14:50+00:00
110699054,LINK,,179.0,,,,,,"Flat / apartment in Calle Progrés, 179",,,,,https://www.idealista.com/inmueble/110699054/,,2026-04-17T17:14:58+00:00
108917125,LINK,,252.0,,,,,,"Duplex in Calle Industria, 252",,,,,https://www.idealista.com/inmueble/108917125/,,2026-04-17T17:15:03+00:00
109664462,LINK,,128.0,,,,,,"Flat / apartment in Carretera Reial, 128",,,,,https://www.idealista.com/inmueble/109664462/,,2026-04-17T17:15:20+00:00
110454464,LINK,,6.0,385.000 €,80.0,,,,"Piso en venta en Calle Miquel Tort, 6",,,,,https://www.idealista.com/inmueble/110454464/,"Ubicada en la calle Miquel Tort, en pleno corazón de Molins de Rei, esta exclusiva promoción de obra nueva representa una forma de vivir donde la ubicación, el diseño y la calidad se unen en perfecto equilibrio. Situada en el centro neurálgico del municipio, rodeada de todos los servicios, comercios y equipamientos, disfruta además de la tranquilidad de una calle con muy poco tránsito de vehículos, ofreciendo comodidad sin renunciar a la calma. Se trata de una promoción de pocas viviendas, concebida con una clara filosofía: priorizar la excelencia constructiva y la calidad de los acabados por encima de todo. El proyecto ofrece viviendas de 2 y 3 habitaciones, incluyendo plantas bajas y dúplex, diseñadas para adaptarse a diferentes estilos de vida, todas ellas con una distribución funcional, luminosa y contemporánea. Los acabados son, sin duda, el gran valor diferencial de esta obra: materiales cuidadosamente seleccionados, diseño actual y soluciones técnicas de alto nivel que garantizan confort, durabilidad y estética. Cada detalle ha sido pensado para ofrecer una experiencia residencial superior. La promoción incorpora plazas de aparcamiento y trasteros, así como un completo conjunto de prestaciones que refuerzan su carácter moderno y sostenible: Sistema de aerotermia para una climatización eficiente Domótica para un hogar inteligente y conectado Preinstalación para cargador de vehículo eléctrico Edificio sostenible y de diseño Cámaras de vigilancia en zonas comunes Edificio cardioprotegido, apostando por la seguridad y el bienestar Una promoción pensada para quienes buscan vivir en el centro, con tranquilidad, diseño y un nivel de acabados que marca la diferencia. Precios desde 384.000 €. Leer comentario completo",2026-04-17T17:29:37+00:00
110491861,LINK,,,352.000 €,90.0,,,,Piso en venta en Jacint Verdaguer s/n,,,,,https://www.idealista.com/inmueble/110491861/,"¿Te imaginas viviendo en un lugar rodeado de naturaleza, con todas las comodidades modernas y a solo un paso de Barcelona? Te presentamos nuestra exclusiva promoción de 32 viviendas con terraza en El Papiol. Este edificio en forma de L, orientado al sur, ofrece vistas inigualables a zonas no urbanizables, garantizando privacidad y un contacto directo con la naturaleza. Todas nuestras viviendas incluyen plaza de aparcamiento y trastero. Además, disfrutarás de una zona comunitaria excepcional que incluye piscina con vestuarios, gimnasio, sala polivalente para coworking y una zona verde para relajarte mientras contemplas el paisaje. Este es el hogar que siempre has soñado. **Sobre El Papiol** El Papiol es conocido por su tranquilidad, seguridad y entorno natural. Situado junto al parque natural protegido de Collserola, este encantador pueblo ofrece numerosos servicios y está excelentemente comunicado, permitiendo un acceso rápido y cómodo a Barcelona. Es el lugar ideal para quienes buscan un refugio sereno sin renunciar a la proximidad urbana. **Sobre esepe&CO** Con más de 30 años de experiencia en la construcción de viviendas sostenibles y eficientes, esepe&CO se dedica a crear hogares que combinan calidad, confort y respeto por el medio ambiente. Nuestra metodología asegura edificaciones de alta eficiencia energética y diseño innovador, siempre con el bienestar de nuestros clientes como prioridad. ¿Estás listo para descubrir tu nuevo hogar en El Papiol? No dejes pasar esta oportunidad única. Visita nuestra web para más información y agenda tu visita hoy mismo. ¿Qué esperas para hacer realidad el hogar de tus sueños? Contáctanos y déjanos ayudarte a encontrar tu lugar ideal. Leer comentario completo",2026-04-17T17:30:20+00:00
109963785,LINK,,77.0,342.000 €,77.0,,,,"Piso en venta en Calle Anselm Clavé, 77",,,,,https://www.idealista.com/inmueble/109963785/,"SVH · Anselm Clavé -Prat de la Riba- Tu nuevo hogar te está esperando Descubre una promoción creada para quienes buscan una vivienda que redefine el concepto de bienestar. Diseño contemporáneo, luminosidad y espacios que transmiten calma, equilibrio y bienestar. Viviendas de 2, 3 y 4 dormitorios con trastero incluido Parking opcional. Tú eliges cómo quieres vivir. En SVH · Anselm Clavé -Prat de la Riba lo tienes todo a un paso: comercios, servicios, zonas verdes y espacios donde disfrutar cada día. Hogares pensados para tu comodidad, con distribuciones inteligentes y acabados de última generación que marcan la diferencia. Eficiencia energética B Una promoción sostenible, de baja demanda energética, que cuida de ti y del entorno. Es el momento de dar el paso. Vive en un lugar donde cada detalle está diseñado para ti. Infórmate y reserva hoy mismo. Leer comentario completo",2026-04-17T17:31:14+00:00
110486065,LINK,,15.0,235.000 €,63.0,,,,"Piso en venta en Calle Santa Teresa, 15",,,,,https://www.idealista.com/inmueble/110486065/,"Presentamos una cuidada promoción de obra nueva en Rubí, compuesta por solo 6 viviendas, diseñada para ofrecer máximo confort, eficiencia energética y un diseño actual. Piso exterior, práctico y muy bien aprovechado, perfecto como primera vivienda o inversión. Cuenta con salón-comedor con cocina abierta equipada, dos dormitorios, 1 doble con armario incorporado. Un baño completo y cuarto de lavadora, con una distribución rectangular y funcional. PLAZA DE APARCAMIENTO OPCIONAL POR 16.000 € ENTREGA PREVISTA 1er SEMESTRE DE 2027 ______________________________________________________________________________________________________________ El edificio cuenta con una fachada moderna y eficiente, con excelente aislamiento térmico y acústico, carpintería exterior de PVC con doble acristalamiento, persianas integradas y sistema de microventilación. Los interiores destacan por sus acabados de calidad, con pavimentos de parqué laminado y gres porcelánico en baños, puertas interiores lacadas en blanco y armarios empotrados. Las viviendas disponen de cocinas totalmente equipadas con muebles de diseño y electrodomésticos integrados, y baños completos con sanitarios ROCA, mobiliario y toallero eléctrico. La climatización se realiza mediante sistema de aire frío/calor por conductos, y la producción de agua caliente sanitaria mediante aerotermia, garantizando eficiencia y sostenibilidad. El edificio ofrece ascensor, videoportero, zonas comunes cuidadas y plazas de aparcamiento individuales, con preinstalación para carga de vehículo eléctrico. Terrazas privadas en planta baja y cubierta completan una promoción pensada para disfrutar del hogar con comodidad y tranquilidad. Una oportunidad única de estrenar vivienda en un entorno moderno, eficiente y exclusivo. No dudes en contactarnos para recibir más información. El precio indicado no incluye gastos de compraventa (IVA 10%), notaría, registro, etc. Leer comentario completo",2026-04-17T17:31:46+00:00
111002633,LINK,,48,267.991 €,72.0,,,,"Piso en venta en Calle Mossen Camill Rosell, 48",,,,,https://www.idealista.com/inmueble/111002633/,"Descubre ''El Mercat'', una exclusiva promoción de obra nueva ubicada en Santa Perpètua de Mogoda, en la tranquila calle Mossèn Camill Rosell. Un proyecto único compuesto por 26 viviendas distribuidas en dos edificios premium, diseñados para ofrecer el máximo confort y calidad de vida. Ubicada frente al mercado municipal y a dos calles de la rambla de Santa Perpetua, disfruta de una localización privilegiada, con todos los servicios, comercios y conexiones a pocos pasos. Las viviendas, de 2 y 3 dormitorios, destacan por sus amplias terrazas, espacios luminosos y una distribución cuidada que optimiza cada metro cuadrado. Además, incorporan acabados de última generación, combinando diseño contemporáneo con materiales de alta calidad. ''El Mercat'' apuesta por la sostenibilidad y la eficiencia, por lo que todas las viviendas cuentan con certificado energético A, garantizando un importante ahorro energético y un mayor bienestar en el hogar. Una oportunidad única para vivir en un entorno consolidado, donde se unen ubicación, diseño, calidad y eficiencia. * El precio de la oferta puede ser modificado o darse de baja sin previo aviso. Todos los datos expuestos son meramente orientativos. El precio no incluye impuestos ni gastos. Se debe añadir a la compra en viviendas de segunda mano el ITP, ( según tramo de precio, ) en viviendas de Obra Nueva el IVA y AJD y en ambos casos los honorarios de notaria y registro*. * El precio no incluye los honorarios de intermediación, que deberá abonar el comprador. , servicios incluidos: búsqueda, negociación, asesoría financiera-hipotecaria, técnica y legal, acompañamiento completo hasta notaría y posventa. Leer comentario completo",2026-04-17T17:32:43+00:00
110107422,LINK,,19,230.000 €,45.0,,,,"Ático en venta en Rambla de Balmes, 19",,,,,https://www.idealista.com/inmueble/110107422/,"EL MEJOR PISO DE LA PROMOCIÓN | OBRA NUEVA EN RAMBLA BALMES Te presentamos la vivienda más completa del edificio, un piso de casi 50 m², amplio, luminoso y perfectamente distribuido, ubicado en una de las zonas más demandadas de Mollet del Vallès, en plena Rambla Balmes. Situado en un edificio de obra nueva de solo 4 plantas, con parking en el mismo edificio y un ambiente tranquilo y familiar, este piso está pensado para quienes buscan espacio, confort y calidad de vida. ** Características destacadas: 1 habitación, ideales para parejas jovenes o teletrabajo 1 baño completo con diseño actual Balcón de 6,5 m², perfecto para disfrutar del exterior Salón-comedor amplio y luminoso Cocina abierta, equipada con muebles altos y bajos Climatización por aerotermia, eficiente y sostenible Sistema de domótica, para un hogar moderno e inteligente Plaza de parking en el edificio * Zonas comunes que marcan la diferencia: Azotea comunitaria de 200 m², un espacio exclusivo para relajarse, disfrutar del sol o compartir momentos en familia Esta vivienda destaca por su amplitud, distribución y calidad, convirtiéndola en la mejor opción de toda la promoción. Ideal para quienes buscan una obra nueva lista para disfrutar, en una ubicación céntrica y con todas las comodidades. * Viviendas así no salen todos los días al mercado. * Llámanos y reserva tu visita. Este piso no durará mucho. Parking en el edificio. Leer comentario completo",2026-04-17T17:33:03+00:00
110938964,LINK,,2,597.000 €,171.0,,,,"Chalet adosado en venta en Calle de Sant Joan, 2",,,,,https://www.idealista.com/inmueble/110938964/,"OBRA NUEVA EXCLUSIVA | CASAS ADOSADAS EFICIENTES CON AEROTERMIA Y UBICACIÓN PRIVILEGIADA Promoción exclusiva de 4 viviendas adosadas (¡1 ya vendida! ) ubicadas en casco urbano, a solo 10 minutos andando del centro del pueblo y a 1 minuto de la carretera nacional con conexión directa a Sant Vicenç del Horts. A tan solo 20 minutos de Barcelona. Viviendas modernas y funcionales, distribuidas en: Garaje privado para 2 coches 4 dormitorios (uno en planta baja ideal como despacho o invitados) 2 baños completos Amplio salón-comedor con cocina americana Terraza privada Balcón en planta superior Posibilidad de cocina independiente (según fase de obra) Alta eficiencia energética con sistema de aerotermia: mayor ahorro, confort todo el año y menor consumo. Excelente aislamiento térmico y acústico Materiales de calidad Ubicación ideal: tranquilidad y todos los servicios cerca, con excelente conexión. Solo quedan 3 viviendas disponibles Contacta para más información o visita sin compromiso. Impuestos no incluidos. Leer comentario completo",2026-04-17T17:33:17+00:00
106305033,LINK,,6,349.000 €,106.0,,,,"Piso en venta en Calle Sant Sebastià, 6",,,,,https://www.idealista.com/inmueble/106305033/,"MAS HOMES Real Estate, os da la bienvenida a la exclusiva comunidad “Residencial Nova Eixample” Finca con 31 viviendas de 55 a 106m2 de 1, 2, 3 y 4 dormitorios, amplias terrazas, con garaje, trastero, piscina, zona comunitaria, nos esperan tras las puertas de éste proyecto de viviendas único en la ciudad. Carpintería exterior de aluminio de primera calidad, con perfiles normalizados y rotura de puente térmico con doble acristalamiento con cámara y persianas. Aire acondicionado y calefacción por conductos y deposito de acumulación de ACS con generación de soporte de AEROTERMIA. 2 ascensores eléctricos para 6 personas. Puertas automáticas de acero inoxidable en cabina y rellanos. Cocinas amuebladas con muebles altos y bajos de puertas blancos, segun piso, iluminación LED continuo bajo mueble. Encimera y frontal de armarios de cocina de laminado compacto con certificación PEFC, acabado color gris. Pavimento de parquet en lama de 1200x189x8mm, AC5 Clase 33 ignifugo. Pavimento baños gris oscuro o similar. Parámetros verticales en viviendas con pintura plástica lisa. Puertas de entrada a viviendas y puertas de paso de madera en blanco con tiradores y accesorios en acabado tipo acero inoxidable. Los armarios NO están incluidos (se dibujar a efectos de sugerencia de colocación). Separación entre viviendas de pared de obra de gero con aislamiento de lana de roca en cada cara, acabado con capa de pladur de 12mm. Tabiques interiores de paca de yeso laminado tipo pladur con aislamiento de lana de roca. Instalación de cada vivienda con circuitos independientes para cocina, lavadora, nevera, climatización (frio/calor), salón comedor y habitaciones. Depósito acumulador eléctrico de 80/100 litros de agua caliente sanitaria, con aporte de la instalación fotovoltaica con rendimientos superiores al 60%. Instalación individualizada de dos placas de 550wp con inversor conectado a la CGP individual de cada vivienda. Tomas de TV, teléfono-datos en salón y todas las habitaciones. Persianas enrollables de aluminio lacado de lamas, con accionamiento eléctrico según color RAL de la carpinteria. Pilares de hormigon armado y suelos de losa maciza de hormigon de 25cm con alta resistencia al ruido de impacto. Ubicación: Carrer Sant Sebastià 6, Sabadell. A solo 15 minutos andando de la estación de FGC y de Renfe. Rodeado de zonas de ocio y de comercios de primera necesidad. A 6 calles del Hospital Quirón Salud del Valles, a 15 minutos caminando del Cap Sabadell Centre y a 8 minutos en coche del Hospital Taulí. ENTREGA PREVISTA PARA EL TERCER TRIMESTRE DEL 2027. Leer comentario completo",2026-04-17T17:33:32+00:00
106980168,LINK,,229,"1,250,000 €",142.0,3.0,2.0,4,"Flat / apartment for sale in Calle d'Aragó, 229",,,,,https://www.idealista.com/en/inmueble/106980168/,"Spectacular brand-new refurbished modernist apartment FOR SALE. Next to Rambla Catalunya and Paseo de Gracia, this recently refurbished modernist flat FOR SALE is a delight for lovers of the most traditional Barcelona. It's located on the real fourth floor, so it is bright and quiet, and stands out for the beauty of its original elements: Nolla mosaic floors, coffered ceilings with mouldings and rose windows, tinted glass, wooden doors and brick walls. This property has 128 built interior sqm, a 10.25 sqm terrace and a 1.75 sqm balcony. Its double orientation allows it to enjoy morning sun in the day area, which faces the street with southeast orientation, and afternoon sun in the back, which faces the block courtyard with orientation to Tibidabo. It is in a modernist building dating from 1880 which has been completely refurbished, with a new lift that goes directly to the inside of the flat. The building has only one property per floor. A large entrance hall divides the day and night areas on both sides. The wonderful and spacious living-dining room with open plan kitchen receives a lot of natural light. It keeps the original fireplace and has a gallery, ideal to create a more relaxed atmosphere, and a balcony. The kitchen is fully equipped with appliances. In addition, there's a discreet pantry and storage room. The night area has 3 bedrooms, 2 of which are en-suites. The master suite and the double bedroom have access to a nice and quiet terrace of 10 m2 overlooking the courtyard, an ideal place to set a breakfast table and enjoy the outdoors. The second suite is interior. Finally, there is a third independent bathroom. The complete refurbishment of the property has used top quality materials and finishings, maintaining the original modernist features. All the water, electricity and natural gas installations are new. The flat is equipped with ducted air conditioning and heating radiators. The apartment is very close to emblematic streets such as Rambla Catalunya, Paseo de Gracia and Enrique Granados, and only 10 minutes walking from Plaza Catalunya. The surrounding area offers all kinds of services, restaurants, neighbourhood shops, top brand boutiques, shopping centres and public transport options. Do not hesitate to contact Bcn Advisors to visit this flat. On our website you will find many more properties than those published here and we also have an extensive private catalogue of properties that may fit what you are looking for. See complete comment",2026-04-17T17:34:22+00:00
110213347,LINK,,,"1,290,000 €",162.0,3.0,2.0,1,Flat / apartment for sale in Calle de Bergara,,,,,https://www.idealista.com/en/inmueble/110213347/,"In the heart of Barcelona, next to Plaza Catalunya and a few steps from La Rambla, this apartment is located in a vibrant and privileged area surrounded by cultural, gastronomic, commercial and excellent connections with public transport, including the main railway station. An exceptional urban enclave in the heart of the city, with all the life and comfort of the historic center at your fingertips. Completely refurbished brand new, this apartment masterfully combines original 1900's architecture and contemporary design. The day area opens onto the courtyard with direct access to a private terrace of about 15 m² at the level of the living room, creating an intimate and functional outdoor space. The apartment has a double orientation: two exterior bedrooms facing the street, and a third interior bedroom. The master suite has a private bathroom and walk-in closet; a second double bedroom also enjoys a walk-in closet, and the third is complemented by a full bathroom in the hallway. The kitchen, open to the living room, stands out for its central island and Miele appliances. The renovation has recovered unique architectural elements: coffered ceilings, original doors and spectacular restored Nolla-type hydraulic mosaic floors, combined with bathrooms and kitchen of modern aesthetics and wooden parquet where it was not possible to preserve the historical pavement. Ducted air conditioning and suspended toilets complete an elegant, functional and exclusive ensemble. Historic building from 1900 very well preserved, with elevator. A brand new home in a classic architectural setting - contact us for more information or a private viewing. La Dreta de L’Eixample begins in Plaça de Catalunya and its central axis revolves around the Passeig de Gràcia and the Cuadrat d’Or. It is delimited from the busy Calle Balmes to the renovated Passeig de Sant Joan and from the commercial Ronda Sant Pere to the convenient Avinguda Diagonal. It is one of the most expensive and exclusive neighborhoods in Barcelona, along with Pedralbes and Sarrià-Sant Gervasi. It is impossible not to make reference to the luxury of Passeig de Gràcia, with the boutiques of the most exclusive brands in the world, or to the stores on La Rambla de Catalunya. However, the rest of its streets are as or more interesting. In them resided part of the Catalan textile bourgeoisie of the early twentieth century, which has left its mark on the spectacular royal estates and modernist houses designed by the most famous architects of the time, as the Pedrera or Casa Batlló of the great Antoni Gaudí. As a result, the characteristic homes of this neighborhood are spacious apartments with high ceilings, moldings, elaborate flooring and balconies. Many buildings and apartments preserve this original architectural heritage and it is possible to find recently remodeled apartments, penthouses, lofts and even studios, which revive these elements, as well as apartments with a lot of potential to be reformed. This side of L’Eixample is equipped with all kinds of services and stores, as well as educational centers, mainly state-subsidized and private schools. You will find it very easy to move around on foot or through the public transport connections to the most expensive stores and restaurants in the city. The Eixample Dreta is the best neighborhood if you want to admire and live in the noble zone of the fascinating Catalan modernism, to reside in one of its characteristic regal estates, and to coexist in perfect balance with the vibrant and luxurious commercial life. It is ideal if you want to walk every day through its wide and tidy streets, with easy transport connections, have all kinds of services and facilities available, including arranged or private schools, and enjoy the most chic, cultural and cosmopolitan atmosphere in Barcelona. See complete comment",2026-04-17T17:34:44+00:00
109918897,LINK,,,"1,400,000 €",198.0,2.0,2.0,1,Flat / apartment for sale in Calle de Balmes,,,,,https://www.idealista.com/en/inmueble/109918897/,"Exquisite property located on the main floor of a majestic 1910 period building that impeccably maintains original elements such as hydraulic floors and coffered ceilings, reflecting the character and history of Barcelona's Eixample district. The property boasts 172 m² of built area, with 162 m² dedicated to property and a magnificent 36 m² private terrace. Its thoughtful layout offers two spacious double bedrooms with dressing rooms and two complete bathrooms, one of which is en suite. The sophisticated open-plan kitchen flows seamlessly into the living and dining room living room, and a charming interior gallery leads to the terrace, a private urban oasis tastefully decorated and equipped with automatic irrigation for added convenience. Located in the heart of the Eixample district, between Diagonal Avenue, Passeig de Gràcia and Francesc Macià, the property enjoys a truly privileged location.",2026-04-17T17:35:09+00:00
110198713,LINK,,,"1,295,000 €",162.0,3.0,2.0,1,Flat / apartment for sale in Calle de Bergara,,,,,https://www.idealista.com/en/inmueble/110198713/,"Completely renovated apartment with high-quality finishes, located in a period building next to Plaça Catalunya. The renovation has carefully preserved original features that lend character and charm, such as hydraulic tile floors and ceiling moldings. The property features three bedrooms, one of which is an en suite with a dressing room and private bathroom, offering a comfortable and functional space. It also includes another full bathroom with a laundry area. The day area stands out for its spaciousness and brightness, with a kitchen open to the living room, fully equipped with Miele appliances, a gallery and access to a pleasant terrace of approximately 15 m². The entire property has ducted air conditioning and heating.",2026-04-17T17:35:38+00:00
110886238,LINK,,73,"1,190,000 €",145.0,3.0,2.0,2,"Flat / apartment for sale in Calle de Villarroel, 73",,,,,https://www.idealista.com/en/inmueble/110886238/,"This elegant traditional style apartment, located in the emblematic Eixample district of Barcelona, offers a unique opportunity to live in a historic environment with all the modern comforts. Built in 1890 and recently renovated, this space has 3 bedrooms, 2 bathrooms and 145 m² built. Features include high ceilings, natural light, ceramic tile flooring and a smart home system. The kitchen is fully equipped and the heating is by geothermal heat pump. Located close to downtown, it has easy access to public transportation, schools and restaurants, offering a vibrant and conveniently located urban environment. The old Esquerra de l’Eixample is, together with La Dreta de L’Eixample, one of the first areas of the city to be urbanized. It is located in the heart of the city, between Avinguda Diagonal, Balmes street, Gran Via de les Corts Catalanes and Comte d’Urgell street. This neighborhood with a long history is home to some of the most important facilities since the beginning of the urbanization of the city, such as the University of Barcelona, the Hospital Clínic and the emblematic Mercat del Ninot. The numerous regal, classical and modernist estates that fill streets like Aribau, Muntaner, the pedestrian Enric Granados among others, are an example of the Eixample designed by Cerdà. You can find apartments that are beautiful modernist jewels of medium or large size and buildings that have been completely renovated. A good part of the life of the neighborhood happens in the island interiors and the premises of first floors that occupy small new and traditional stores, many restaurants, places of leisure and night clubs. As the nerve center of Barcelona, its communication with the rest of the neighborhoods is excellent by public transport, and if you have a car you should know that it is very desirable to locate one of the few parking spaces with the purchase of your home. You should have Antiga Esquerra de l’Eixample on your list if you want to live in the neighborhood with one of the widest gastronomic offers in the city, with the most emblematic facilities, with a lot of nightlife and if you want to feel the cosmopolitan spirit of the Barcelona neighborhood par excellence. See complete comment",2026-04-17T17:36:04+00:00
110338311,LINK,,,"6,000,000 €",665.0,5.0,5.0,7,Penthouse for sale in Via Augusta,,,,,https://www.idealista.com/en/inmueble/110338311/,"Spectacular luxury penthouse with 4 suites and awesome terraces. This exclusive penthouse is a truly unique property for sale in Sant Gervasi, offering every imaginable comfort in one of Barcelona’s most prestigious neighborhoods. Located within the city, it provides easy car access, ensuring total freedom of movement, further enhanced by three parking spaces included: one large space within the same building and two additional spaces in a nearby property. The property is an impressive duplex penthouse with 551 m² of built area and 229 m² of outdoor space, distributed across three spectacular terraces on both levels. The main terrace, with a southeast orientation, maximizes natural light throughout the day. The remaining terraces offer exceptional panoramic views of the city, stretching from the sea to the mountains. The main floor welcomes you with an elegant entrance hall leading to an expansive living and dining area, comfortably accommodating up to 14 guests. The open-plan kitchen with central island, fitted with top-of-the-line appliances, features a climate-controlled wine cellar, breakfast bar, pantry, and a separate laundry area. The night area comprises four en-suite bedrooms, all with private bathrooms in immaculate condition and built-in wardrobes. The master suite stands out for its walk-in closet, sauna, and direct access to a private terrace with a tea area, easily adaptable as a dining or sunbathing space. One of the smaller en-suite bedrooms is ideal as staff accommodation, as it is connected to the kitchen and laundry area and offers direct access to the building’s service elevator. This floor also features a variety of versatile entertainment spaces, including a games room with billiards, vintage arcade machines, and a popcorn machine; an elegant pub-style bar with ice maker and cigar humidor; and a cozy TV lounge equipped with a sound system, Apple TV, ceiling-mounted TV support, and fireplace. Additionally, a stunning vaulted room with a full bathroom serves as an ideal home office, although it is fully adaptable to other uses. From the games room and library, there is access to another spacious south-facing terrace, perfect for breakfasts or more intimate gatherings with family and friends. The upper floor offers a true private leisure area, featuring a gym, chill-out zone, and a guest bedroom—currently used as an office—with its own bathroom. The highlight of this level is the magnificent 145 m² rooftop terrace, an unparalleled setting for gatherings and celebrations with Barcelona at your feet. It is equipped with an outdoor TV and sound system, jacuzzi, outdoor shower, and a fully equipped summer kitchen with wood-fired pizza oven, professional Weber barbecue, ice machine, and beer dispenser—ideal for preparing cocktails and enjoying unforgettable evenings. Additional storage space is also available. The property is equipped with a home automation system, French oak parquet flooring, a Scavolini kitchen, water softener, new custom-made laundry furniture, and a dumbwaiter connecting the kitchen to the main terrace. The building offers two elevators, concierge service, and security, ensuring comfort, privacy, and peace of mind. Do not hesitate to contact Bcn Advisors to discover this truly exceptional penthouse in the heart of Barcelona. On our website you will find many more properties than those published here and we also have an extensive private catalogue of properties that may fit what you are looking for. * The 665 m² indicated in the listing is the sum of the 551 m² of interior floor space and half of the 229 m² of terraces. See complete comment",2026-04-17T17:36:31+00:00
110683032,LINK,,,"1,995,000 €",205.0,3.0,3.0,4,Flat / apartment for sale in Calle del Consell de Cent,,,,,https://www.idealista.com/en/inmueble/110683032/,"Fabulous and spacious renovated property FOR SALE with original features in Eixample. In the heart of the Eixample district, this exclusive 202 sqm flat FOR SALE has been completely renovated with an exquisite refurbishment project that has preserved its original modernist essence. The property retains unique features of great heritage value, such as Nolla hydraulic mosaic floors, high ceilings decorated with delicate floral and geometric motifs, restored woodwork, ornate windows and an elegant marble fireplace that adds character and distinction to the main area. A spacious and stately entrance hall welcomes you and organises the home in a functional way, clearly differentiating the day and night areas. The social area consists of a generous living room filled with natural light, connected to a pleasant gallery and opening onto a balcony facing a quiet courtyard, an ideal space to enjoy the calm in the heart of the city. The separate kitchen, fully equipped with high-end appliances and a wine cooler, combines design and functionality. Next to it is the dining room, creating a perfect environment for both everyday use and entertaining guests. This area is completed with a practical separate utility area. The night area has three double bedrooms and three full bathrooms. The master suite has a large dressing room and private bathroom, offering an intimate and comfortable space. Besides, it has 2 balconies facing the street. All areas of the flat have natural light. The property, on the real 4th floor, is equipped with ducted air conditioning and heating, ensuring maximum comfort throughout the year. The building, which is perfectly maintained, also offers a storage room on the roof, a communal terrace and a concierge service. This flat is located just a few steps from Rambla Catalunya and Paseo de Gracia, which means you can enjoy one of the most privileged locations in Barcelona. Surrounded by iconic architecture, international boutiques, renowned restaurants and all amenities, this enclave combines the dynamism of the city centre with the elegance of the Eixample district. A location that not only guarantees quality of life, but also solid asset growth in one of the most sought-after areas of the city. Do not hesitate to contact Bcn Advisors to visit this property. On our website you will find many more properties than those published here and we also have an extensive private catalogue of properties that may fit what you are looking for. See complete comment",2026-04-17T17:37:04+00:00
110491789,LINK,,,"1,900,000 €",192.0,3.0,3.0,3,Flat / apartment for sale in Calle de Girona,,,,,https://www.idealista.com/en/inmueble/110491789/,"Stunning newly renovated modernist apartment in a corner building in Eixample. This flawless brand new refurbished flat is located in a modernist building on the corner next to the pedestrian section of Carrer Girona, in the heart of the Eixample district. This is one of the most sought-after areas of the city, where you can enjoy the historical and architectural charm with all the services you need at your fingertips. The flat is on the third floor. It has 188.8 built interior sqm and 6.5 sqm of exterior space. An elegant modernist entrance hall with original Nolla floors and high moulded ceilings welcomes us and divides the clearly differentiated day and night areas on either side. The living area is impressive, with high ceilings decorated with original mouldings and original restored Nolla mosaic floors. The space evokes the essence of modernism, while offering a modern and functional design. The living room and dining room are perfectly differentiated. It has 3 balconies overlooking the street, making it a very bright space. The spacious, minimalist kitchen combines functionality and modernism. It is open plan but occupies its own separate space and is fully equipped with high-end appliances. Its large island with cooking area and space for stools is the ideal place for both cooking and socialising. The living area is completed by a guest toilet. The night area has three en-suite bedrooms, each with its own private bathroom. The master bedroom features original coffered ceilings, which add distinction and authenticity, and the Nolla mosaic floor has been preserved as a centrepiece, enhancing the historical richness of the room. The contemporary design of the suite blends seamlessly with these classic elements, creating a bright and spacious space. It also has access to a 3.5 m² balcony overlooking the courtyard. The en-suite children's bedroom has high moulded ceilings that evoke the elegance of bygone eras and beautiful hydraulic flooring that adds a touch of character. This space has been reinvented with a bold colour palette that inspires creativity and energy. The bathrooms, completely renovated in a contemporary style, establish a harmonious dialogue with the existing modernist elements. They are equipped with high-quality fittings and finishes to ensure durability. The flat is equipped with original Nolla mosaic and hydraulic floors, ceilings with original or replica mouldings, custom-made wardrobes, ducted hot/cold air conditioning and radiator heating. The building has a lift. This property is located in the heart of the Quadrat d'Or, a few metres from Paseo Sant Joan and Plaza Urquinaona, just 4 streets from Paseo de Gracia and Plaza Catalunya. It's perfect for those looking for a sophisticated home in an emblematic setting, where tradition and modernity meet in perfect harmony with luxury and character in every detail. The surrounding area offers numerous designer boutiques, restaurants, theatres, museums and a wide range of public transport options. Do not hesitate to contact Bcn Advisors to visit this flat. On our website you will find many more properties than those published here and we also have an extensive private catalogue of properties that may fit what you are looking for. * The 192 m² indicated in the listing corresponds to the sum of the 188.83 m² interior and 50% of the 6.5 m² exterior. See complete comment",2026-04-17T17:37:23+00:00
110754747,LINK,,,"1,435,000 €",166.0,4.0,3.0,5,Penthouse for sale in Calle d'Aragó,,,,,https://www.idealista.com/en/inmueble/110754747/,"Fabulous brand new refurbished flat FOR SALE in a 1900 building close to Paseo Sant Joan. This excellent newly renovated apartment FOR SALE is located in a strategic area of Eixample's right side, very close to Passeig Sant Joan, Avinguda Diagonal, and La Sagrada Familia. It is on the fifth (top) floor of a regal building with the façade and staircase recently renovated. The property measures 166 sqm according to the Cadastre (151 sqm of living space and 15 sqm of common elements). A spacious entrance hall separates the day and night areas. The 50 sqm living-dining room with open kitchen and central island is a fully bright and welcoming space, with access to 2 balconies overlooking the street and offering views of La Sagrada Familia. The high ceilings with Catalan vaulting enhance the sense of space and natural light. The night area has a total of 4 bedrooms and 3 bathrooms. The master bedroom is en suite with private bathroom and dressing room. It also has a gallery that can be used as a work area. Next to it there is another double bedroom, also with a gallery, and both of them overlook the courtyard. The other two bedrooms (one double and one single) are interior. Finally, there are 2 independent bathrooms. The flat is equipped with natural oak parquet flooring, Mitsubishi ducted air conditioning system, Bosch gas boiler heating, Bosch appliances, high quality built-in furniture, German designer wardrobes and luxury sanitary ware of prestigious international brands. In the surrounding area you will be able to enjoy numerous shops and services, bars and restaurants on the lively Paseo Sant Joan, and a wide range of public transport. Elegance and comfort come together in an unbeatable location. Do not hesitate to contact Bcn Advisors to visit this property. See complete comment",2026-04-17T17:37:48+00:00
107034117,LINK,,,"1,225,000 €",124.0,3.0,2.0,2,Flat / apartment for sale in Calle de València,,,,,https://www.idealista.com/en/inmueble/107034117/,"Top quality refurbishment at Passeig Sant Joan This newly refurbished, top-quality apartment offers a perfect blend of modern comfort and original charm. With 3 bedrooms and 2 fully equipped bathrooms, the property features exquisite oak wood floors, complemented by original hydraulic tiles that preserve the essence of Barcelona’s modernist heritage. The apartment boasts 3-meter high ceilings with stunning original Catalan beams in the living room, which is bathed in natural light thanks to 3 large door-windows leading to 3 private balconies. Every detail has been carefully designed to offer exceptional quality and comfort, considering top brands for all the appliancies and materials (Laufen, Blum, K-Lighting, Bosch, Neolit etc. ) Combining refined style with modern convenience, this exceptional apartment offers a remarkable living experience in one of Barcelona’s most sought-after neighborhoods. Located on the vibrant Sant Joan Avenue, this property enjoys open views of the lively street, lined with inviting cafés and terraces. The apartment is ideally positioned just moments from Barcelona’s beautiful beaches and the city's premier shopping destinations, including Paseo de Gracia and Rambla Catalunya. Prime location at the charming and vibrant Sant Joan Avenue, lined with inviting cafés and terraces. The apartment is just moments away from Barcelona's beautiful beaches and the city's premier shopping streets, including Paseo de Gracia and Rambla Catalunya. Close to public transport, public bicycle stations, and overall very well communicated. See complete comment",2026-04-17T17:38:21+00:00
105435068,LINK,,,"1,800,000 €",178.0,2.0,3.0,1,Flat / apartment for sale in Calle del Rosselló,,,,,https://www.idealista.com/en/inmueble/105435068/,"This immaculate flat is located between Paseo de Gracia and Rambla Catalunya, one of the most prestigious locations in Barcelona in the upper part of Eixample's right side. The luxury refurbishment has taken care of all the details in conception, materials and finishings, highlighting the floors and ceilings designed exclusively for this property and the excellent marquetry work on the floors and carpentry. The property has 170 built interior sqm and a 10 sqm balcony. It occupies the entire ""Principal"" floor (first one) of a regal estate building that was completely refurbished in 2017 with lift and only one flat per floor. Its double orientation makes it a very bright property. A large entrance hall distributes the day and night areas on both sides. The large living-dining room is wonderful and enjoys very high ceilings that provide a great feeling of spaciousness and brightness. It has access to the balcony, facing east towards the street. The Bulthaup top of the range kitchen is very spacious, equipped with Gaggenau appliances and has a separate laundry room. A guest toilet completes this area. The night area consists of 2 en-suite bedrooms. The impressive master bedroom, which overlooks the west-facing courtyard, has a huge dressing room and a bathroom located in a beautiful gallery. The second bedroom also has a walk in wardrobe, as well as a private bathroom, and is interior. The flat is equipped with unique hand decorated floors and ceilings, restored original carpentry with double glazing, home automation system, ducted air conditioning and heating via wrought iron radiators. The surrounding area offers a wide variety of services and shops, top brand boutiques on Paseo de Gracia, Rambla Catalunya and Avenida Diagonal, prestigious institutions, restaurants and excellent public transport. Do not hesitate to contact Bcn Advisors to visit this property. On our website you will find many more properties than those published here and we also have an extensive private catalogue of properties that may fit what you are looking for. See complete comment",2026-04-17T17:38:53+00:00
107309985,LINK,,,"1,950,000 €",437.0,5.0,5.0,3,Detached house for sale in Calle de Benedetti,,,,,https://www.idealista.com/en/inmueble/107309985/,"Astonishing and modern house with garden, terrace and garage in uptown. In the heart of the exclusive neighbourhood of La Bonanova, surrounded by prestigious schools, medical centres, public transport and everything you need at your fingertips, a house that redefines the meaning of comfort and style awaits you. Built in 2004 on a 250 sqm plot, this home is not just a place to live, but a setting for creating unforgettable memories. Here you will find the perfect balance between functionality and modern design. Its 455 sqm of total floor space (265 sqm of living space, 113 sqm of garage and 77 sqm of storage space) are distributed over 4 floors connected by lift and stairs. From the very first moment, the pedestrian access invites you to discover a home full of surprises. On the ground floor, at street level, you are greeted by a warm entrance hall with built-in wardrobes that connects to 2 bright double bedrooms. One of them, with sea views, combines the tranquillity of the surroundings with a design designed for your wellbeing. On the first floor, natural light becomes the protagonist. Two exterior bedrooms offer versatility: one, ideal as an office; the other, a master suite with dressing room and bathroom that invites you to relax. From here, the views of the garden and the sea are simply unbeatable. There is also a fabulous terrace, ideal for a solarium and a sun lounger area. Moving downstairs, the open plan concept comes to life with a modern designer kitchen, equipped with top of the range appliances, which integrates seamlessly with the dining room and the cosy living room. This space extends out onto a 90 m² terrace with wooden flooring, where every detail has been thought out for maximum enjoyment. Imagine relaxing on the porch with its chill-out area or in the jacuzzi while contemplating the unobstructed views of the Bellesguard tower, a jewel by Antoni Gaudí. Beyond, a wooded garden offers privacy and a green space to disconnect, read or enjoy a barbecue with the family. In the basement, a 113 sqm garage provides space for 3 cars, motorbikes and bicycles. In addition, the 77 sqm storage and laundry area adds that touch of functionality we are all looking for. In this basement you could also install a bedroom, perfect for a maid's room. The entire house has been designed to maximise comfort: ducted air conditioning, radiator heating, double glazed aluminium windows, motorised blinds and an advanced security system. Each floor combines high quality materials such as parquet, marble and stoneware floors, creating a cosy and elegant atmosphere. More than a house, this is a refuge where you can enjoy the tranquillity and beauty of La Bonanova neighbourhood without giving up the proximity to the city. Can you imagine living here? Don't miss the opportunity to visit this jewel and contact Bcn Advisors now to get to know it. On our website you will find many more properties than those published here and we also have an extensive private catalogue of properties that may fit what you are looking for. See complete comment",2026-04-17T17:39:17+00:00
110964943,LINK,,,"725,000 €",136.0,4.0,2.0,4,Flat / apartment for sale in Calle dels Banys Vells,,,,,https://www.idealista.com/en/inmueble/110964943/,"Exclusive apartment for sale with 136 m² of living space, notable for its spaciousness and versatility. The property features four bedrooms and two full bathrooms, offering a comfortable and adaptable space suitable for various lifestyles, whether for families, professionals, or those who wish to combine living and working remotely. Its generous size allows for well-proportioned and functional rooms, making it a very attractive option in today's market. Upon entering, you'll find a spacious and bright living-dining room with access to a pleasant balcony, ideal for enjoying natural light and ventilation. The kitchen is separate, practical, and well-connected to the living area, facilitating daily organization. It also includes a separate laundry room, a highly valued feature. The sleeping area offers good-sized bedrooms, several with access to a balcony, including a potential suite and two additional rooms that can function as double rooms or offices. The apartment features parquet floors, natural gas heating, air conditioning, and all utilities connected, ready for immediate occupancy. Located in the heart of the historic center, this property is situated in a vibrant area with shops, services, public transport, and a rich cultural and gastronomic scene just steps away. Living in Ciutat Vella allows you to enjoy Barcelona's historical essence without sacrificing urban convenience or easy access to the rest of the city. The price does not include taxes or expenses associated with the purchase, such as notary fees, property registration fees, administrative fees, and taxes (ITP, VAT, and AJD, as applicable). At Walter Haus, we offer exclusive properties that suit your lifestyle. Visit our website to explore them and contact us today to start making your dream a reality. See complete comment",2026-04-17T17:39:37+00:00
106253657,LINK,,,"2,700,000 €",280.0,5.0,4.0,2,Flat / apartment for sale in Jardí de Tòquio,,,,,https://www.idealista.com/en/inmueble/106253657/,"Stunning brand new refurbished property in Pedralbes. This unique and exclusive upscale property is located in a privileged location next to the Cruz de Pedralbes, one of the most prestigious areas of Barcelona. It has 259,37 built interior sqm and a 14 sqm terrace. The flat is situated in an extraordinary building, catalogued as part of our valuable cultural heritage in the city of Barcelona. Its hexagonal design, with elegant natural wood lattices and large windows, is truly distinctive. In addition, the property has a charming garden and a communal swimming pool. The price includes 3 parking spaces, 2 of them inside the building and one more outside. Entering this property, you will find 5 bedrooms, including a maid's room with private bathroom. Two of these rooms are suites, guaranteeing privacy and comfort. In addition, there is a guest toilet, a bright living/dining room of 69 sqm with views of the swimming pool from the gallery, a modern kitchen adjoining the living room, a practical office, a laundry area and cupboards with a large storage capacity. The kitchen, from the prestigious Modulnova brand, is fully equipped with appliances from renowned brands such as Gaggenau and Siemens. The finishings of this property are top quality, with a comfortable, avant-garde and functional design. Every detail has been carefully selected to offer a luxurious ambience, from the wide-slat glued parquet flooring with a natural oak wood top layer to the micro-cement cladding and the large-format porcelain floor tiles. In addition, all the installations are designed to maximise energy efficiency, with ducted hot/cold air conditioning via a heat pump, aerothermal heating for domestic hot water and underfloor heating. Design, quality and comfort are in perfect harmony with the desires of the most exquisite tastes. In short, this is a flat designed to enjoy an exclusive, comfortable and elegant lifestyle, which perfectly reflects its privileged location and distinctive status. You are invited to discover the luxury and sophistication in every corner of this exceptional property! Do not hesitate to contact Bcn Advisors to visit this property. On our website you will find many more properties than those published here and we also have an extensive private catalogue of properties that may fit what you are looking for. See complete comment",2026-04-17T17:40:03+00:00
106927548,LINK,,,"2,650,000 €",269.0,4.0,4.0,3,Flat / apartment for sale in Calle del Consell de Cent,,,,,https://www.idealista.com/en/inmueble/106927548/,"Exclusive all-exterior apartment by Passeig de Gràcia In the most sought-after location, right by Passeig de Gràcia, the most exclusive street in Barcelona, and Consell de Cent street, a pedestrian oasis in the heart of the city, we find this spectacular property of about two hundred and seventy square meters. One of the most unique features of this apartment is the fact that it is all exterior, a feature incredibly difficult to find in Barcelona, which makes this property a unique gem. The property is basically distributed in day area facing a beautiful courtyard and the night area overlooking the street. Entering and from the hall on the right hand side we have the huge living room / dining room / kitchen with access to a gallery that in some parts can be completely opened. On this side, next to the entrance, we also have a room that could be joined to the living or used separately as a study, office, library, gym or even a fourth bedroom if necessary. To the left we find three double bedrooms, all with en-suite bathrooms, with window to the street and incomparable views over the trees and to 'Illa de la Discordia'. Completing the property there's a fourth full bathroom and a storage and laundry area. Of course the property has all the comforts: installation of air conditioning and heating ducts in all rooms, underfloor heating, and the building itself offers concierge service. Undoubtedly this is a real gem, a unique property that will surprise even the most demanding clients, a unit that combines elegance, design, high quality renovation and authentic Barcelona style with its unbeatable location. The apartment is located in the most exclusive area of Barcelona, in Quadrat d'Or, in the heart of Eixample, next to the exclusive Passeig de Gràcia and in one of the new green axis of the city, Consell de Cent street. In this area, you will find the best luxury stores from international brands, luxury hotels such as the Mandarin Oriental Hotel; and emblematic buildings such as La Pedrera by Antoni Gaudí. In addition, it's very well connected to public transport networks, such as metro and bus, and being located in the heart of the city you can take advantage of a wide range of the best restaurants in Barcelona. See complete comment",2026-04-17T17:40:27+00:00
111018513,LINK,,,"2,000,000 €",327.0,4.0,4.0,2,Flat / apartment for sale in Avenida de Pau Casals,,,,,https://www.idealista.com/en/inmueble/111018513/,"Located in an elegant manor house with concierge service, this 331 m² property, built in 1945, combines the charm of classic architecture with ample possibilities for renovation. The home stands out for its generous size and open layout, ideal for adapting to different lifestyles. Large windows allow for a constant influx of natural light, creating a sense of spaciousness in all the rooms and highlighting its original features. Currently configured as an office, the property offers multiple transformation options. A renovation project is underway that proposes the creation of a high-end residence with three bedrooms, an office, three full bathrooms, a guest toilet, a spacious living-dining room, and a separate kitchen. The possibility of dividing the property is also available. Proposed finishes include marble and porcelain floors, Silestone countertops, integrated appliances from leading brands, double-glazed windows, underfloor heating, and a custom-designed fireplace. Located in one of Barcelona's most sought-after areas, this property enjoys a privileged location, combining proximity to iconic avenues with the tranquility of a well-established residential neighborhood. The area offers a wide variety of services, shops, restaurants, and excellent public transport connections, ensuring convenience for everyday life. The price does not include taxes or expenses associated with the purchase, such as notary fees, property registration fees, administrative fees, and taxes (ITP, VAT, and AJD, as applicable). At Walter Haus, we understand that finding the ideal home is more than just an investment: it's about finding the place that fits your lifestyle. Discover our properties by visiting our website and explore all the exclusive properties that only Walter Haus has to offer. Contact us for more information! See complete comment",2026-04-17T17:40:58+00:00
108528453,LINK,,,"645,000 €",85.0,2.0,2.0,1,Flat / apartment for sale in Calle d'Aragó,,,,,https://www.idealista.com/en/inmueble/108528453/,"Fantastic refurbished and furnished flat in a century-old building in Eixample. This fabulous apartment is located in an excellent area of Eixample's right side, very close to Paseo Sant Joan, Avenida Diagonal and the Sagrada Familia. It has been completely renovated with an exclusive design and high-quality finishings. It is handed over fully furnished and equipped, ready to enjoy from day one. The property is on the first floor of a well-maintained regal estate building building with a lift, very quiet with only 10 residents. The living room is bright and cosy, facing southeast towards the street and with a balcony. Next to it is the semi-open kitchen with a central island, elegantly separated by a designer iron gate. It is equipped with built-in household appliances that are completely concealed. The night area has two double bedrooms with built-in wardrobes. The master bedroom is en suite with a private bathroom and has access to a small terrace overlooking a quiet courtyard, facing northwest. The second bedroom is interior and next to it is a separate bathroom. The flat mantains some original features that have been restored, such as the hydraulic floors in the kitchen and the mouldings and ceiling roses. It is equipped with herringbone parquet flooring, split air conditioning and natural gas radiator heating. The surrounding area offers all the shops and services you need for everyday life, a wide range of bars and restaurants on Paseo Sant Joan, boutiques on Avenida Diagonal and excellent public transport connections with metro, bus and tram stops. Living here means enjoying one of the most sought-after areas of Barcelona with all the possibilities of the city at your fingertips. Please do not hesitate to contact Bcn Advisors to visit this property. On our website you will find many more properties than those published here and we also have an extensive private catalogue of properties that may fit what you are looking for. See complete comment",2026-04-17T17:41:21+00:00
108441459,LINK,,,"1,225,000 €",132.0,3.0,2.0,2,Flat / apartment for sale in Calle de València,,,,,https://www.idealista.com/en/inmueble/108441459/,"Marvellous brand new refurbished apartment in a corner building in Eixample This brand new refurbished 130 sqm 3-bedroom flat enjoys an enviable location in the upper part of the Eixample's right side, next to Paseo Sant Joan and Avenida Diagonal. It's located on the real 2nd floor of a regal estate building on a corner, making it very bright and offering clear views of the city. A large entrance hall with wardrobe welcomes us to the flat. On the left hand side we access the fantastic living-dining room with integrated kitchen. It's a space full of natural light, with 3 large windows and 2 balconies with views to the Paseo Sant Joan. The night area features 3 bedrooms. The master bedroom is en suite with its own bathroom and a peaceful gallery overlooking the courtyard, which can be used as a desk. The other 2 bedrooms (one double and one single) overlook the courtyard of the building and share a separate bathroom. In addition, there's a separate modern dressing room with sliding glass doors opposite one of the bedrooms. The flat maintains original features such as the tiled floors in the entrance hall and the kitchen, the high ceilings of 3.3 metres with Catalan vault and wooden beams in the living room and mouldings and rosettes in the rest of the apartment. The flat is equipped with natural wood parquet floors in herringbone, porcelain floors in bathrooms, top of the range Bosch appliances, ducted air conditioning and heating by radiators. The building has a lift. The area surrounding this property has all the shops and services necessary for day-to-day living, boutiques on Avenida Diagonal, a wide range of restaurants on Paseo Sant Joan and excellent public transport links. Do not hesitate to contact Bcn Advisors to visit this property. On our website you will find many more properties than those published here and we also have an extensive private catalogue of properties that may fit what you are looking for. See complete comment",2026-04-17T17:41:47+00:00
110669669,LINK,,,"1,790,000 €",170.0,3.0,3.0,4,Penthouse for sale in Calle de Pau Claris,,,,,https://www.idealista.com/en/inmueble/110669669/,"Spectacular corner refurbished penthouse with 6 balconies in Eixample. This incredible designer penthouse is located in a regal estate in Pau Claris street, next to the iconic Passeig de Gràcia and just two streets away from Plaza Catalunya. This is a unique property on the top floor (fourth floor) of a building with a modern lift, stately entrance and access to a communal rooftop terrace with panoramic views of the Barcelona skyline. The property has 170 sqm, including communal areas. The flat enjoys plenty of natural light, which streams in through six external balconies facing the street and four large windows opening onto a private 10 sqm interior terrace, which is sunny, quiet and surrounded by greenery. Its high ceilings of more than 3.5 metres, together with handcrafted plaster mouldings and carefully designed indirect lighting, provide a feeling of spaciousness and sophistication. The flat has three double en-suite bedrooms, each with its own private bathroom. The master suite with integrated Jacuzzi, separate dressing room and natural marble fireplace with bio-ethanol burner is a highlight. The spacious living-dining room offers unobstructed views of the city, creating a perfect space for relaxing or entertaining. The 17 m² semi-open-plan kitchen, designed by Doimo Cucine, blends in perfectly. Equipped with top-of-the-range appliances, wine cellar and natural marble worktops, it has direct access to the interior terrace. A separate utility room completes the layout. The refurbishment has been carried out by the prestigious interior design studio Victoria Interiors, using top quality materials: natural wood parquet floors, exclusive marble and granite, new exterior carpentry with high thermal and acoustic insulation, and custom-designed furniture, including pieces recovered from antique shops. The property has all the modern comforts: integrated sound system, heating by radiators, air conditioning by zones, underfloor heating in the bathrooms, home cinema and jacuzzi. It comes fully furnished and decorated, ready to move into. The furniture is included in the price. Located in the heart of Quadrat d'Or in Eixample Dret, this penthouse is surrounded by modernist architecture, luxury boutiques, gourmet restaurants and charming cafés. A vibrant and cosmopolitan area, ideal for those looking for an exclusive residence with all the services and Barcelona lifestyle at their fingertips. Barcelona, established as the capital of design, innovation and haute cuisine (with more than 30 Michelin-starred restaurants), continues to attract creatives, investors and entrepreneurs from all over the world. This property represents an exceptional opportunity for those wishing to live or invest in one of the best locations in the city. Do not hesitate to contact Bcn Advisors to visit this property. On our website you will find many more properties than those published here and we also have an extensive private catalogue of properties that may fit what you are looking for. * The listed price does not include taxes (ITP or VAT, as applicable, and AJD where applicable), as well as notary fees, land registry fees, administrative costs, and any other expenses arising from the transaction, all of which shall be borne by the buyer. See complete comment",2026-04-17T17:42:07+00:00
108863320,LINK,,,"1,200,000 €",117.0,2.0,2.0,6,Penthouse for sale in Calle d'Aragó,,,,,https://www.idealista.com/en/inmueble/108863320/,"Exclusive new-build penthouse with 117 m² of living space, located on the sixth floor of a stately 1880 building, which was completely renovated in 2021. The project respects the essence of the original modernist architecture and combines it with a contemporary design focused on everyday well-being. The property features a 15 m² private terrace, facing southeast, which provides a constant influx of natural light and a pleasant feeling of spaciousness throughout the day. The height and orientation create a bright, quiet, and inviting atmosphere in every room. From a technical and design perspective, the apartment incorporates the prestigious Passivhaus standard, one of the most demanding in terms of energy efficiency internationally. This system guarantees a stable temperature year-round, with very low energy consumption, thanks to its advanced insulation and careful thermal control. The continuous air renewal system ensures optimal indoor air quality. The interior layout is well-balanced, with an open-plan living area that integrates a designer kitchen, living room, and dining room, all directly connected to the terrace. The sleeping area offers two double bedrooms, including a 25 m² master suite with an en-suite bathroom and dressing room, as well as a second bedroom with built-in wardrobes and an additional full bathroom. The property is located in the Quadrat d’Or, within Barcelona’s Eixample Esquerra district, one of the city’s most sought-after areas for its architectural heritage and quality of life. The surrounding area is characterized by elegant Modernist buildings and is just minutes from Passeig de Gràcia, as well as iconic streets such as Enric Granados and Plaça del Doctor Letamendi. The area offers a well-balanced combination of residential ambiance, high-end services, shops, restaurants, and an excellent public transport network. At Walter Haus, we understand that finding the ideal home is more than just an investment: it’s about finding the place that fits your lifestyle. Discover our properties by visiting our website and explore all the exclusive properties that only Walter Haus has to offer. Contact us for more information! See complete comment",2026-04-17T17:42:29+00:00
110907554,LINK,,,"2,150,000 €",224.0,5.0,4.0,1,Flat / apartment for sale in Calle de Muntaner,,,,,https://www.idealista.com/en/inmueble/110907554/,"Located in the upper area of Barcelona, in the consolidated neighborhood of Sant Gervasi, this elegant apartment is located in a regal corner property of great presence, next to one of the main axes of the city. A distinguished residential environment, surrounded by select stores, schools and excellent connections, which perfectly combines family life and urban dynamism. With 224 m² built and completely renovated brand new, this apartment stands out for its spaciousness and extraordinary family distribution. The large living-dining room, oriented to the southwest, opens onto two balconies with unobstructed and green views over the interior of the block, where a well-kept garden center provides a pleasant feeling of calm and privacy. The open kitchen with central island and Miele appliances is elegantly integrated into the day area. The house offers four bedrooms plus a separate room ideal as an office. Three of the bedrooms are en suite -two of them exterior with private dressing room- and the master bedroom has a large bathroom with bathtub and shower. Natural oak parquet, high ceilings, decorative fireplace, laundry room and ducted air conditioning complete a home designed for maximum comfort. Elegant and representative 1940's building, with concierge service, elevator and storage room. Stately building that occupies several blocks and is an architectural reference in the area. There is the possibility of acquiring a parking space a few steps away. A property of great category in a consolidated location - contact us for more information or private visit. Sant Gervasi -Galvany, in the northwest of Barcelona, is one of the six neighborhoods that make up the district of Sarrià-Sant Gervasi. Its limits are: La Ronda del General Mitre, Balmes Street, Via Augusta, Avinguda Diagonal and Doctor Fleming Street. It is a neighborhood that has inherited its character of upper class from its beginnings as a residential and summer neighborhood of the Catalan bourgeoisie. This neighborhood is characterized by its green areas and gardens, such as Turó Park, Tibidabo, Can Ferrer gardens or Collserola mountain. It is one of the most exclusive neighborhoods of the city, quiet and safe, where the price of housing is one of the most expensive in Barcelona. This garden neighborhood has one of the most emblematic markets of the city, good educational services with more than 50 schools and well connected to the whole city through public transport. Sant Gervasi – Galvany is your ideal area if you have children or if you are looking for a neighborhood where you can enjoy nature, with many green areas, in one of the most exclusive areas, with excellent educational centers, a remarkable daytime commercial life towards the Av. diagonal and an attractive nightlife, with restaurants, cafes and entertainment venues. See complete comment",2026-04-17T17:42:47+00:00
101949519,LINK,,,"2,700,000 €",441.0,4.0,3.0,4,Flat / apartment for sale in Calle de Casp,,,,,https://www.idealista.com/en/inmueble/101949519/,"Exclusive executive residence in the heart of the Eixample district In one of the most emblematic areas of Barcelona's Eixample is located this exceptional 441 m² home, designed to live and work in balance. A home where spaciousness, natural light and serenity define each space, offering an unusual residential experience in the city. A home designed for unhurried living, with privacy, generous proportions and a calm that is hard to find in Barcelona. Large day area - Grand Living Area Spacious and bright living-dining room that marks the beginning of the house. An open and welcoming space, ideal for day-to-day living and for sharing moments, where the feeling of spaciousness and comfort is always present. Master Retreat - Private retreat The master suite offers an intimate and quiet environment, with a large dressing room and an exclusive wellness area equipped with sauna, chromotherapy and aromatherapy, designed for rest and disconnection. Executive Wing - Life and work in harmony The house incorporates an independent Executive Wing, with its own access and courtesy toilet. A versatile and discreet space, ideal as a professional office, study or work area separated from the private area. Kitchen and pantry Functional and luminous kitchen and pantry, perfectly integrated in the house, designed to provide order, fluidity and comfort in daily use. Multipurpose private suite Independent space with multiple possibilities: auxiliary bedroom, study, private living room or creative space. It has natural light, its own bathroom and total independence. Singular distribution The house is organized from an original diamond-shaped structure, which allows a fluid circulation between rooms, favors the entry of light and conveys a constant sense of balance and spaciousness. The building Located in a stately building of great architectural value, recognized with a mention in the Annual Competition of Artistic Buildings of Barcelona in 1919, elegantly integrated into the urban fabric of the Eixample. The Dreta de L'Eixample starts at Plaça de Catalunya and its central axis revolves around Passeig de Gràcia and the Cuadrat d'Or. It is delimited from the busy Calle Balmes to the renovated Passeig de Sant Joan and from the commercial Ronda Sant Pere to the convenient Avinguda Diagonal. It is one of the most expensive and exclusive neighborhoods in Barcelona, along with Pedralbes and Sarrià-Sant Gervasi. It is impossible not to refer to the luxury of Paseo de Gràcia, with the boutiques of the most exclusive brands in the world, or the stores of La Rambla de Catalunya. However, the rest of its streets are just as interesting, if not more so. They were home to part of the Catalan textile bourgeoisie of the early twentieth century, which has left its mark on the spectacular royal estates and modernist houses designed by the most famous architects of the time, such as La Pedrera or Casa Batlló by the great Antoni Gaudí. This is the best neighborhood if you want to admire and live in the noble area of the fascinating Catalan modernism, reside in one of its characteristic royal estates, and live in perfect balance with the vibrant and luxurious commercial life. It is ideal if you want to walk every day through its wide and orderly streets, with easy transport connections, have all kinds of services and facilities including charter or private schools, and enjoy the most chic, cultural and cosmopolitan atmosphere of Barcelona. See complete comment",2026-04-17T17:43:01+00:00
111082942,LINK,,,"930,000 €",103.0,3.0,2.0,2,Flat / apartment for sale in Calle de València,,,,,https://www.idealista.com/en/inmueble/111082942/,"This exclusive apartment boasts 100 m² of living space and a 3 m² storage room located in the communal area. Situated on the second floor of a stately building with an elevator, the apartment stands out for its excellent layout and dual aspect, allowing for abundant natural light throughout the day. It features three double bedrooms and two full bathrooms, offering a spacious and well-balanced living environment. The property has been renovated, combining original elements with contemporary solutions. Characteristic details such as the hydraulic tile floors, Catalan vaulted ceilings, and decorative moldings have been preserved, adding character to the overall design. These elements are integrated with modern finishes such as microcement flooring and a centralized air conditioning system. Furthermore, the apartment includes a convenient interior laundry area, a private storage room on the rooftop, and access to a communal terrace designed for residents' enjoyment. The location is one of its greatest assets, situated between Enric Granados and Rambla Catalunya, one of Barcelona's most sought-after areas. Surrounded by restaurants, shops, services, and excellent transport links, this location allows you to enjoy a dynamic lifestyle in a well-established and vibrant area, with everything you need just steps away. The price does not include taxes or expenses associated with the purchase, such as notary fees, property registration fees, administrative fees, and taxes (ITP, VAT, and AJD, as applicable). At Walter Haus, we understand that finding the ideal home is more than just an investment: it's about finding the place that fits your lifestyle. Discover our properties by visiting our website and explore all the exclusive properties that only Walter Haus has to offer. Contact us for more information! See complete comment",2026-04-17T17:43:28+00:00
108910250,LINK,,,"1,156,000 €",245.0,4.0,2.0,1,Duplex for sale in Calle de Ticià,,,,,https://www.idealista.com/en/inmueble/108910250/,"In the heart of a quiet residential area of Barcelona, we present a unique 170 m² (1,600 sq ft) apartment, located within an elegant 1930s Modernist-style detached house. This property combines original character with a contemporary renovation designed to offer maximum comfort and quality of life. Access to the apartment is from the parking area, where there is a private space, and is reached through a beautiful 80 m² (860 sq ft) communal patio with greenery. From there, an external staircase leads to a spacious porch overlooking the garden. On the main floor, there is a generous living area with a bright and airy living room (the apartment has windows on all four sides), a dining room, and a modern kitchen equipped with high-end appliances and a large central island—perfect for cooking enthusiasts—creating a comfortable and inviting gathering space. The oak floors and the beautifully restored Catalan vaulted ceiling add charm to this floor, which also includes three double bedrooms, all exterior-facing and with individual air conditioning units, as well as a full bathroom with double sinks and a bathtub. An adjoining storage room and a small greenhouse on the same floor offer numerous possibilities. The living room also boasts a superb wood and pellet stove, which doubles as an oven. The upper floor is entirely dedicated to a spectacular master suite with a dressing room and a private spa-like bathroom. From this floor, you can access three unique terraces: two facing the sea and the city, measuring 17m² and 14m² respectively, ideal for enjoying the sunrise and unobstructed views; and a third, recently renovated 40m² rear terrace facing Tibidabo, which features a barbecue area and solarium, making it a privileged space for enjoying the best sunsets with mountain views. The property offers abundant natural light, well-utilized spaces, and a perfect fusion of original modernist aesthetics and contemporary comfort. A true urban gem, designed for those who value tranquility, design, and a connection with nature without sacrificing proximity to the center of Barcelona. This property is located in the Vallcarca i Penitents neighborhood, within the Gràcia district. The street is situated in a unique area bordered by the Ronda de Dalt ring road, the Arrabassada road, and the Collserola mountain range, from which it enjoys unbeatable views. The street features well-preserved residential houses with balconies, decorative reliefs, and balustrades—highly representative of early 20th-century eclectic architecture. The price does not include taxes or expenses associated with the sale, such as notary fees, property registration fees, administrative fees, and taxes (ITP, VAT, and AJD, as applicable). At Walter Haus, we understand that finding the ideal home is more than just an investment: it's about finding that place that fits your lifestyle. Discover our properties by visiting our website and explore all the exclusive properties that only Walter Haus has for you. Contact us for more information! See complete comment",2026-04-17T17:43:47+00:00
106506259,LINK,,,"2,800,000 €",269.0,6.0,4.0,3,Flat / apartment for sale in Jardí de Tòquio,,,,,https://www.idealista.com/en/inmueble/106506259/,"Renovated apartment with three exposures and spacious exterior rooms in one of the best areas of Pedralbes. With direct access from the elevator, its layout is divided between a day area with a large living room and separate kitchen; a night area with five spacious bedrooms and three bathrooms; and a service area with an additional bedroom and bathroom. The pleasant 63 m2 living room is very bright and is functionally and conveniently divided between the dining area and the chill-out zone. It also access onto a spacious, sunny 9 m2 balcony with views of the trees and sunshine for much of the day. The kitchen is custom-made and equipped with high-quality appliances, including an induction hob, oven, microwave, dishwasher, refrigerator, freezer, extractor hood, and reverse osmosis system. Adjacent to the kitchen is a wine cellar and a separate service area. The night area is notable for its spacious bedrooms, ranging in size from 13 to 19 square meters. The master suite features a large dressing room and a private bathroom with a shower and bathtub. The four additional bedrooms share two bathrooms, each equipped with a shower. As for the features, we have double-glazed windows, ducted air conditioning, and mains gas radiators. All of this guarantees a perfect temperature year-round. Furthermore, the three-way orientation ensures abundant natural light throughout the day. The price includes two parking spaces and a storage room, as well as on- La Finca concierge service. Additionally, the building offers guest parking spaces. Located within easy reach of Barcelona's most prestigious international schools, this property is the perfect home for a family seeking an exceptional lifestyle in the city's most desirable neighbourhood. Contact us to arrange a viewing! See complete comment",2026-04-17T17:44:16+00:00
109901915,LINK,,,"1,490,000 €",184.0,5.0,2.0,5,Flat / apartment for sale in Calle de Roger de Llúria,,,,,https://www.idealista.com/en/inmueble/109901915/,"Located on the fifth floor of a 1900 Modernist building, this elegant 184 m² apartment offers a spacious and well-balanced layout, typical of Eixample district apartments. The property stands out for its abundant natural light and for preserving some of the original features of historic buildings, combined with essential modern amenities. Its design allows for seamless use of every square meter, creating a sense of spaciousness and well-being from the moment you step inside. The living area features a nearly 35 m² living-dining room with direct access to a pleasant terrace overlooking the quiet interior courtyard, which includes a convenient separate laundry area. The functional and well-distributed kitchen is separate and offers a dining area, as well as a separate pantry. The sleeping area comprises two exterior double bedrooms with access to balconies, as well as three additional bedrooms—one double and two singles—that overlook spacious and tranquil light wells. The apartment includes two full bathrooms and features hardwood floors, radiator heating, and split-system air conditioning in most rooms. The property is located in the heart of Quadrat d’Or, one of the most sought-after areas of the Eixample district, renowned for its architectural value, cultural offerings, and proximity to well-known shops, restaurants, and iconic Barcelona landmarks. Its location allows you to enjoy a comfortable, urban lifestyle, perfectly connected to the rest of the city. At Walter Haus, we offer exclusive properties that suit your lifestyle. Visit our website to explore them and contact us today to start making your dream a reality. See complete comment",2026-04-17T17:44:28+00:00
108206690,LINK,,,"1,675,000 €",173.0,3.0,2.0,6,Penthouse for sale in Calle de Roger de Llúria,,,,,https://www.idealista.com/en/inmueble/108206690/,"This comment was automatically translated and may not be 100% accurate. See description in the original language Exclusive 133m² duplex penthouse plus 40m² of terraces in the heart of L'Eixample. Located on the sixth floor of a stately building, the property features a functional design and an efficient distribution over two floors, making the most of the space and natural light that floods each of the spaces to create a sophisticated and comfortable environment. The distribution begins with the living area, consisting of a spacious and bright living room integrated with a fully equipped open kitchen. With direct access to the terrace that expands the feeling of openness, this space is perfect for social gatherings and moments of relaxation. Defined by an elegant interior staircase, we find the sleeping area, consisting of two double bedrooms that share a bathroom and a master suite with dressing room and private bathroom. All bedrooms have direct access to a 5 m² balcony, which provides an additional touch of freshness and luminosity. Located in one of the most coveted areas of Barcelona, this property is surrounded by everything you need for an urban and comfortable lifestyle, with immediate access to luxury shops, restaurants and local culture. Its location offers the best of the city, combining tranquility and access to the main arteries. At Walter Haus we know that finding the ideal property is more than an investment: it is choosing a home that reflects your lifestyle. Discover the properties we have by entering our website and discover all the exclusive properties that only Walter Haus has for you. Contact us for more information! See complete comment",2026-04-17T17:44:49+00:00
108692642,LINK,,,"2,150,000 €",183.0,3.0,4.0,5,Flat / apartment for sale in Calle de Pau Claris,,,,,https://www.idealista.com/en/inmueble/108692642/,"Luxurious furnished and decorated apartment one street from Passeig de Gràcia. Engel & Völkers presents this fabulous, newly renovated, and totally furnished apartment. The property is located on an upper floor of a beautiful building with a spacious and elegant entrance. The building is situated on Pau Claris Street, right in the heart of Eixample Dreta. The renovation of this property stands out for its high quality and attention to detail. The apartment, with a built area of approximately 183 m² (according to the land registry), is located on the fifth real floor. It features a very spacious living room with two balconies overlooking the street and a fully equipped kitchen with high-end appliances, open to a generously sized dining area. From the kitchen, there is access to a convenient laundry room, also fully equipped. The property has three double bedrooms, each with its own en-suite bathroom and built-in wardrobes. Luxury mattresses and textiles (linens, duvets, and towels) are provided in all bedrooms. There is also a guest toilet located near the entrance, so none of the guests will need to enter the private area. The apartment wraps around a beautiful interior courtyard of the building, and being on a high floor, it benefits from abundant natural light in every corner. Notably, the property is equipped with ducted air conditioning, gas heating via radiators, a water softener, and a smart home automation system throughout the whole apartment. This spectacular property is being sold fully furnished and equipped, exactly as shown in the photos. The future owner won’t have to worry about a thing, as the apartment comes truly ready to move in, from décor to a completely equipped kitchen, including a coffee maker, cutlery, and glassware. In short, this apartment is a unique opportunity for those looking for a luxury property in a prime location in Barcelona, with every comfort and detail designed for maximum convenience. It’s an excellent choice for anyone seeking a secure investment in the heart of the city. Don't miss the chance to see this property in person — book your visit now. This property is situated on a vibrant street in the heart of Eixample Dreta, just a two-minute walk from the prestigious Passeig de Gràcia, in one of the most sought-after areas of the city. Pau Claris Street benefits from excellent connectivity, with multiple metro stations and nearby bus stops providing excellent access to public transportation. The Eixample Dreta district offers a well-balanced blend of residential character and a wide range of leisure, cultural, and commercial amenities, including cinemas, restaurants, museums, art galleries, and a diverse selection of retail establishments. A pleasant five-minute walk takes us to Plaça Catalunya, one of the city’s most central and strategically connected hubs, providing optimal accessibility to the rest of Barcelona. See complete comment",2026-04-17T17:45:07+00:00
